Date,MaxTemp,MinTemp,AvgTemp,Departure,HDD,CDD,Precipitation,NewSnow,SnowDepth
2022-11-01,76,55,65.5,13.9,0,1,0.00,0.0,0
2022-11-02,69,50,59.5,8.3,5,0,0.00,0.0,0
2022-11-03,69,46,57.5,6.6,7,0,0.00,0.0,0
2022-11-04,72,46,59.0,8.4,6,0,0.00,0.0,0
2022-11-05,80,58,69.0,18.7,0,4,0.00,0.0,0
2022-11-06,78,64,71.0,21.1,0,6,0.05,0.0,0
2022-11-07,81,57,69.0,19.4,0,4,0.00,0.0,0
2022-11-08,62,48,55.0,5.7,10,0,0.00,0.0,0
2022-11-09,58,42,50.0,1.1,15,0,0.00,0.0,0
2022-11-10,69,40,54.5,5.9,10,0,0.00,0.0,0
2022-11-11,71,59,65.0,16.7,0,0,0.64,0.0,0
2022-11-12,72,53,62.5,14.5,2,0,0.11,0.0,0
2022-11-13,53,37,45.0,-2.6,20,0,0.01,0.0,0
2022-11-14,50,32,41.0,-6.3,24,0,0.00,0.0,0
2022-11-15,44,30,37.0,-10.0,28,0,1.01,0.0,0
2022-11-16,52,40,46.0,-0.7,19,0,0.01,0.0,0
2022-11-17,45,33,39.0,-7.4,26,0,0.00,0.0,0
2022-11-18,48,32,40.0,-6.1,25,0,0.00,0.0,0
2022-11-19,46,29,37.5,-8.2,27,0,0.00,0.0,0
2022-11-20,38,22,30.0,-15.4,35,0,0.00,0.0,0
2022-11-21,49,19,34.0,-11.1,31,0,0.00,0.0,0
2022-11-22,59,25,42.0,-2.8,23,0,0.00,0.0,0
2022-11-23,63,29,46.0,1.5,19,0,0.00,0.0,0
2022-11-24,60,29,44.5,0.3,20,0,0.00,0.0,0
2022-11-25,62,38,50.0,6.1,15,0,0.08,0.0,0
2022-11-26,60,36,48.0,4.4,17,0,0.00,0.0,0
2022-11-27,59,39,49.0,5.7,16,0,0.27,0.0,0
2022-11-28,56,43,49.5,6.5,15,0,0.00,0.0,0
2022-11-29,51,32,41.5,-1.2,23,0,0.00,0.0,0
2022-11-30,59,39,49.0,6.6,16,0,0.26,0.0,0
2022-12-01,45,27,36.0,-6.2,29,0,0.00,0.0,0
2022-12-02,50,23,36.5,-5.4,28,0,0.00,0.0,0
2022-12-03,62,42,52.0,10.4,13,0,0.47,0.0,0
2022-12-04,48,27,37.5,-3.8,27,0,0.00,0.0,0
2022-12-05,50,24,37.0,-4.1,28,0,0.00,0.0,0
2022-12-06,52,30,41.0,0.2,24,0,0.25,0.0,0
2022-12-07,56,51,53.5,13.0,11,0,T,0.0,0
2022-12-08,59,45,52.0,11.7,13,0,0.00,0.0,0
2022-12-09,50,30,40.0,0.0,25,0,0.00,0.0,0
2022-12-10,45,26,35.5,-4.3,29,0,0.00,0.0,0
2022-12-11,44,34,39.0,-0.5,26,0,0.02,0.0,0
2022-12-12,45,35,40.0,0.7,25,0,0.00,0.0,0
2022-12-13,44,23,33.5,-5.6,31,0,0.00,0.0,0
2022-12-14,42,21,31.5,-7.3,33,0,0.00,0.0,0
2022-12-15,49,33,41.0,2.4,24,0,2.07,0.0,0
2022-12-16,53,33,43.0,4.6,22,0,0.29,0.0,0
2022-12-17,49,33,41.0,2.8,24,0,0.00,0.0,0
2022-12-18,43,29,36.0,-1.9,29,0,T,T,0
2022-12-19,43,25,34.0,-3.7,31,0,0.00,0.0,0
2022-12-20,42,24,33.0,-4.5,32,0,0.00,0.0,0
2022-12-21,44,22,33.0,-4.3,32,0,0.00,0.0,0
2022-12-22,55,29,42.0,4.9,23,0,1.14,0.0,0
2022-12-23,55,10,32.5,-4.4,32,0,0.25,T,0
2022-12-24,20,6,13.0,-23.8,52,0,0.00,0.0,0
2022-12-25,32,10,21.0,-15.6,44,0,0.00,0.0,0
2022-12-26,34,14,24.0,-12.4,41,0,0.00,0.0,0
2022-12-27,45,25,35.0,-1.2,30,0,0.00,0.0,0
2022-12-28,52,21,36.5,0.4,28,0,0.00,0.0,0
2022-12-29,58,23,40.5,4.6,24,0,0.00,0.0,0
2022-12-30,66,29,47.5,11.8,17,0,0.00,0.0,0
2022-12-31,56,36,46.0,10.4,19,0,0.31,0.0,0
2023-01-01,64,40,52.0,16.6,13,0,0.00,0.0,0
2023-01-02,66,40,53.0,17.7,12,0,0.00,0.0,0
2023-01-03,69,45,57.0,21.8,8,0,T,0.0,0
2023-01-04,66,53,59.5,24.5,5,0,T,0.0,0
2023-01-05,64,49,56.5,21.6,8,0,0.11,0.0,0
2023-01-06,52,39,45.5,10.7,19,0,0.00,0.0,0
2023-01-07,50,35,42.5,7.8,22,0,0.00,0.0,0
2023-01-08,44,27,35.5,0.9,29,0,0.01,0.0,0
2023-01-09,50,34,42.0,7.5,23,0,0.01,0.0,0
2023-01-10,49,29,39.0,4.6,26,0,0.00,0.0,0
2023-01-11,46,25,35.5,1.2,29,0,0.00,0.0,0
2023-01-12,56,40,48.0,13.8,17,0,0.09,0.0,0
2023-01-13,56,39,47.5,13.4,17,0,0.12,0.0,0
2023-01-14,39,31,35.0,0.9,30,0,0.00,0.0,0
2023-01-15,46,30,38.0,4.0,27,0,0.00,0.0,0
2023-01-16,56,29,42.5,8.5,22,0,0.00,0.0,0
2023-01-17,50,35,42.5,8.6,22,0,T,0.0,0
2023-01-18,57,39,48.0,14.1,17,0,0.00,0.0,0
2023-01-19,44,41,42.5,8.6,22,0,0.17,0.0,0
2023-01-20,53,38,45.5,11.6,19,0,0.00,0.0,0
2023-01-21,45,30,37.5,3.6,27,0,0.00,0.0,0
2023-01-22,42,28,35.0,1.1,30,0,0.31,0.0,0
2023-01-23,46,39,42.5,8.6,22,0,0.12,0.0,0
2023-01-24,51,32,41.5,7.6,23,0,0.00,0.0,0
2023-01-25,52,31,41.5,7.6,23,0,0.64,T,0
2023-01-26,50,35,42.5,8.5,22,0,0.00,0.0,0
2023-01-27,45,27,36.0,2.0,29,0,0.00,0.0,0
2023-01-28,57,32,44.5,10.4,20,0,0.00,0.0,0
2023-01-29,52,30,41.0,6.8,24,0,T,0.0,0
2023-01-30,59,38,48.5,14.3,16,0,0.00,0.0,0
2023-01-31,48,36,42.0,7.7,23,0,0.10,0.0,0
2023-02-01,40,26,33.0,-1.4,32,0,0.01,0.2,T
2023-02-02,42,27,34.5,0.0,30,0,0.00,0.0,0
2023-02-03,39,17,28.0,-6.6,37,0,T,T,0
2023-02-04,31,14,22.5,-12.2,42,0,0.00,0.0,0
2023-02-05,57,28,42.5,7.6,22,0,0.00,0.0,0
2023-02-06,54,33,43.5,8.5,21,0,0.00,0.0,0
2023-02-07,48,26,37.0,1.9,28,0,0.00,0.0,0
2023-02-08,65,41,53.0,17.7,12,0,0.00,0.0,0
2023-02-09,68,38,53.0,17.5,12,0,0.00,0.0,0
2023-02-10,66,45,55.5,19.9,9,0,0.00,0.0,0
2023-02-11,51,35,43.0,7.2,22,0,0.00,0.0,0
2023-02-12,43,36,39.5,3.5,25,0,0.62,0.0,0
2023-02-13,58,38,48.0,11.8,17,0,T,T,0
2023-02-14,61,32,46.5,10.1,18,0,0.00,0.0,0
2023-02-15,71,45,58.0,21.4,7,0,0.00,0.0,0
2023-02-16,64,45,54.5,17.7,10,0,0.39,0.0,0
2023-02-17,65,34,49.5,12.5,15,0,0.77,0.0,0
2023-02-18,47,25,36.0,-1.2,29,0,0.00,0.0,0
2023-02-19,60,31,45.5,8.1,19,0,0.00,0.0,0
2023-02-20,65,48,56.5,18.9,8,0,0.00,0.0,0
2023-02-21,63,41,52.0,14.1,13,0,0.02,0.0,0
2023-02-22,49,39,44.0,5.9,21,0,0.02,0.0,0
2023-02-23,79,41,60.0,21.7,5,0,0.00,0.0,0
2023-02-24,63,37,50.0,11.4,15,0,T,0.0,0
2023-02-25,38,31,34.5,-4.3,30,0,T,T,0
2023-02-26,55,36,45.5,6.4,19,0,0.00,0.0,0
2023-02-27,51,30,40.5,1.2,24,0,0.29,0.0,0
2023-02-28,56,36,46.0,6.4,19,0,0.06,0.0,0
2023-03-01,56,30,43.0,3.1,22,0,0.00,0.0,0
2023-03-02,64,44,54.0,13.9,11,0,0.05,0.0,0
2023-03-03,50,40,45.0,4.6,20,0,0.52,0.0,0
2023-03-04,57,36,46.5,5.8,18,0,T,0.0,0
2023-03-05,63,29,46.0,5.1,19,0,0.00,0.0,0
2023-03-06,59,31,45.0,3.8,20,0,0.00,0.0,0
2023-03-07,54,39,46.5,5.0,18,0,0.00,0.0,0
2023-03-08,54,34,44.0,2.2,21,0,0.00,0.0,0
2023-03-09,56,35,45.5,3.4,19,0,0.00,0.0,0
2023-03-10,45,33,39.0,-3.4,26,0,0.17,0.0,0
2023-03-11,49,37,43.0,0.3,22,0,0.00,0.0,0
2023-03-12,44,31,37.5,-5.5,27,0,0.01,T,0
2023-03-13,48,39,43.5,0.2,21,0,T,0.0,0
2023-03-14,44,33,38.5,-5.1,26,0,T,T,0
2023-03-15,52,32,42.0,-1.9,23,0,0.00,0.0,0
2023-03-16,66,31,48.5,4.3,16,0,0.00,0.0,0
2023-03-17,62,43,52.5,8.0,12,0,0.01,0.0,0
2023-03-18,53,40,46.5,1.7,18,0,T,0.0,0
2023-03-19,42,27,34.5,-10.7,30,0,0.00,0.0,0
2023-03-20,54,26,40.0,-5.5,25,0,0.00,0.0,0
2023-03-21,64,29,46.5,0.7,18,0,0.00,0.0,0
2023-03-22,69,39,54.0,7.8,11,0,0.00,0.0,0
2023-03-23,80,52,66.0,19.5,0,1,0.10,0.0,0
2023-03-24,64,44,54.0,7.1,11,0,0.35,0.0,0
2023-03-25,53,44,48.5,1.3,16,0,0.22,0.0,0
2023-03-26,68,45,56.5,8.9,8,0,0.00,0.0,0
2023-03-27,63,41,52.0,4.1,13,0,0.06,0.0,0
2023-03-28,58,43,50.5,2.2,14,0,0.00,0.0,0
2023-03-29,61,34,47.5,-1.1,17,0,0.00,0.0,0
2023-03-30,54,35,44.5,-4.5,20,0,0.00,0.0,0
2023-03-31,66,33,49.5,0.1,15,0,T,0.0,0
2023-04-01,77,49,63.0,13.3,2,0,0.39,T,0
2023-04-02,57,38,47.5,-2.6,17,0,0.00,0.0,0
2023-04-03,71,33,52.0,1.5,13,0,0.00,0.0,0
2023-04-04,80,49,64.5,13.6,0,0,0.00,0.0,0
2023-04-05,84,56,70.0,18.8,0,5,0.00,0.0,0
2023-04-06,87,59,73.0,21.4,0,8,0.20,0.0,0
2023-04-07,59,48,53.5,1.5,11,0,T,0.0,0
2023-04-08,53,43,48.0,-4.4,17,0,0.00,0.0,0
2023-04-09,61,33,47.0,-5.8,18,0,0.00,0.0,0
2023-04-10,67,34,50.5,-2.6,14,0,0.00,0.0,0
2023-04-11,78,44,61.0,7.5,4,0,0.00,0.0,0
2023-04-12,85,56,70.5,16.6,0,6,0.00,0.0,0
2023-04-13,89,56,72.5,18.3,0,8,0.00,0.0,0
2023-04-14,86,58,72.0,17.4,0,7,T,0.0,0
2023-04-15,76,64,70.0,15.0,0,5,0.44,0.0,0
2023-04-16,80,59,69.5,14.2,0,5,0.00,0.0,0
2023-04-17,71,54,62.5,6.8,2,0,T,0.0,0
2023-04-18,72,46,59.0,2.9,6,0,0.00,0.0,0
2023-04-19,75,37,56.0,-0.4,9,0,0.00,0.0,0
2023-04-20,81,48,64.5,7.7,0,0,0.00,0.0,0
2023-04-21,84,55,69.5,12.4,0,5,0.00,0.0,0
2023-04-22,77,57,67.0,9.6,0,2,0.86,T,0
2023-04-23,65,45,55.0,-2.8,10,0,T,0.0,0
2023-04-24,61,40,50.5,-7.6,14,0,0.00,0.0,0
2023-04-25,61,37,49.0,-9.4,16,0,0.00,0.0,0
2023-04-26,66,39,52.5,-6.2,12,0,0.06,0.0,0
2023-04-27,67,52,59.5,0.4,5,0,T,0.0,0
2023-04-28,57,53,55.0,-4.4,10,0,1.82,0.0,0
2023-04-29,69,53,61.0,1.3,4,0,0.02,0.0,0
2023-04-30,63,52,57.5,-2.5,7,0,0.33,0.0,0
2023-05-01,62,46,54.0,-6.3,11,0,0.01,0.0,0
2023-05-02,56,46,51.0,-9.6,14,0,0.03,0.0,0
2023-05-03,57,43,50.0,-10.8,15,0,0.02,0.0,0
2023-05-04,65,40,52.5,-8.6,12,0,0.00,0.0,0
2023-05-05,69,41,55.0,-6.4,10,0,0.00,0.0,0
2023-05-06,75,43,59.0,-2.7,6,0,0.00,0.0,0
2023-05-07,76,47,61.5,-0.5,3,0,0.02,0.0,0
2023-05-08,83,58,70.5,8.3,0,6,0.00,0.0,0
2023-05-09,69,49,59.0,-3.5,6,0,0.02,0.0,0
2023-05-10,74,46,60.0,-2.8,5,0,0.00,0.0,0
2023-05-11,83,46,64.5,1.5,0,0,0.00,0.0,0
2023-05-12,85,55,70.0,6.7,0,5,0.00,0.0,0
2023-05-13,74,58,66.0,2.4,0,1,0.30,0.0,0
2023-05-14,78,58,68.0,4.2,0,3,0.00,0.0,0
2023-05-15,77,51,64.0,-0.1,1,0,0.00,0.0,0
2023-05-16,82,56,69.0,4.6,0,4,0.00,0.0,0
2023-05-17,72,55,63.5,-1.1,1,0,0.00,0.0,0
2023-05-18,71,47,59.0,-5.9,6,0,0.00,0.0,0
2023-05-19,75,50,62.5,-2.7,2,0,0.00,0.0,0
2023-05-20,79,58,68.5,3.1,0,4,0.13,0.0,0
2023-05-21,80,52,66.0,0.3,0,1,0.02,0.0,0
2023-05-22,82,51,66.5,0.5,0,2,0.00,0.0,0
2023-05-23,75,54,64.5,-1.8,0,0,0.00,0.0,0
2023-05-24,84,49,66.5,-0.1,0,2,0.00,0.0,0
2023-05-25,74,54,64.0,-2.9,1,0,0.00,0.0,0
2023-05-26,75,49,62.0,-5.1,3,0,0.00,0.0,0
2023-05-27,78,48,63.0,-4.4,2,0,0.00,0.0,0
2023-05-28,77,52,64.5,-3.2,0,0,T,0.0,0
2023-05-29,78,64,71.0,3.0,0,6,T,0.0,0
2023-05-30,77,58,67.5,-0.9,0,3,0.00,0.0,0
2023-05-31,80,46,63.0,-5.7,2,0,0.00,0.0,0
2023-06-01,87,54,70.5,1.5,0,6,0.00,0.0,0
2023-06-02,97,59,78.0,8.7,0,13,0.00,0.0,0
2023-06-03,85,62,73.5,3.9,0,9,0.00,0.0,0
2023-06-04,80,59,69.5,-0.5,0,5,0.00,0.0,0
2023-06-05,82,56,69.0,-1.3,0,4,0.00,0.0,0
2023-06-06,83,56,69.5,-1.1,0,5,T,0.0,0
2023-06-07,81,55,68.0,-2.9,0,3,0.00,0.0,0
2023-06-08,80,56,68.0,-3.3,0,3,0.00,0.0,0
2023-06-09,77,53,65.0,-6.6,0,0,0.01,0.0,0
2023-06-10,87,51,69.0,-2.9,0,4,0.00,0.0,0
2023-06-11,89,58,73.5,1.3,0,9,0.00,0.0,0
2023-06-12,81,60,70.5,-2.1,0,6,0.13,0.0,0
2023-06-13,83,57,70.0,-2.9,0,5,0.00,0.0,0
2023-06-14,84,60,72.0,-1.2,0,7,0.02,0.0,0
2023-06-15,84,53,68.5,-5.0,0,4,0.00,0.0,0
2023-06-16,83,59,71.0,-2.8,0,6,0.02,0.0,0
2023-06-17,85,59,72.0,-2.1,0,7,0.00,0.0,0
2023-06-18,88,58,73.0,-1.4,0,8,0.00,0.0,0
2023-06-19,90,58,74.0,-0.7,0,9,0.00,0.0,0
2023-06-20,80,70,75.0,0.0,0,10,T,0.0,0
2023-06-21,70,60,65.0,-10.3,0,0,0.34,0.0,0
2023-06-22,67,60,63.5,-12.1,1,0,0.07,0.0,0
2023-06-23,76,65,70.5,-5.3,0,6,0.98,0.0,0
2023-06-24,86,71,78.5,2.4,0,14,T,0.0,0
2023-06-25,92,67,79.5,3.2,0,15,0.00,0.0,0
2023-06-26,90,73,81.5,5.0,0,17,T,0.0,0
2023-06-27,88,68,78.0,1.2,0,13,1.77,0.0,0
2023-06-28,83,66,74.5,-2.5,0,10,0.00,0.0,0
2023-06-29,86,61,73.5,-3.7,0,9,0.00,0.0,0
2023-06-30,86,63,74.5,-2.8,0,10,0.97,0.0,0
2023-07-01,85,70,77.5,0.0,0,13,T,0.0,0
2023-07-02,90,75,82.5,4.8,0,18,0.63,0.0,0
2023-07-03,93,74,83.5,5.7,0,19,0.47,0.0,0
2023-07-04,92,72,82.0,4.1,0,17,0.07,0.0,0
2023-07-05,93,73,83.0,4.9,0,18,T,0.0,0
2023-07-06,91,73,82.0,3.8,0,17,T,0.0,0
2023-07-07,90,73,81.5,3.2,0,17,0.25,0.0,0
2023-07-08,92,74,83.0,4.7,0,18,0.01,0.0,0
2023-07-09,86,69,77.5,-0.9,0,13,1.35,0.0,0
2023-07-10,88,68,78.0,-0.5,0,13,0.00,0.0,0
2023-07-11,92,66,79.0,0.5,0,14,0.00,0.0,0
2023-07-12,93,68,80.5,1.9,0,16,0.00,0.0,0
2023-07-13,96,72,84.0,5.4,0,19,0.00,0.0,0
2023-07-14,93,72,82.5,3.9,0,18,0.02,0.0,0
2023-07-15,91,70,80.5,1.9,0,16,0.02,0.0,0
2023-07-16,87,75,81.0,2.4,0,16,0.05,0.0,0
2023-07-17,92,71,81.5,2.9,0,17,0.00,0.0,0
2023-07-18,90,72,81.0,2.4,0,16,0.00,0.0,0
2023-07-19,89,72,80.5,2.0,0,16,0.75,0.0,0
2023-07-20,88,70,79.0,0.5,0,14,0.00,0.0,0
2023-07-21,88,68,78.0,-0.4,0,13,0.75,0.0,0
2023-07-22,86,67,76.5,-1.9,0,12,0.00,0.0,0
2023-07-23,89,64,76.5,-1.8,0,12,0.00,0.0,0
2023-07-24,86,68,77.0,-1.3,0,12,1.97,0.0,0
2023-07-25,88,73,80.5,2.3,0,16,0.00,0.0,0
2023-07-26,89,68,78.5,0.3,0,14,0.00,0.0,0
2023-07-27,97,76,86.5,8.4,0,22,T,0.0,0
2023-07-28,97,75,86.0,8.0,0,21,0.39,0.0,0
2023-07-29,96,74,85.0,7.1,0,20,0.11,0.0,0
2023-07-30,86,69,77.5,-0.4,0,13,0.00,0.0,0
2023-07-31,86,66,76.0,-1.8,0,11,T,0.0,0
2023-08-01,82,63,72.5,-5.2,0,8,0.00,0.0,0
2023-08-02,83,60,71.5,-6.1,0,7,0.00,0.0,0
2023-08-03,80,65,72.5,-5.0,0,8,0.02,0.0,0
2023-08-04,82,67,74.5,-2.9,0,10,T,0.0,0
2023-08-05,88,67,77.5,0.1,0,13,0.00,0.0,0
2023-08-06,89,69,79.0,1.7,0,14,0.77,0.0,0
2023-08-07,89,70,79.5,2.3,0,15,1.83,0.0,0
2023-08-08,84,69,76.5,-0.6,0,12,T,0.0,0
2023-08-09,88,66,77.0,0.0,0,12,0.00,0.0,0
2023-08-10,83,72,77.5,0.6,0,13,0.05,0.0,0
2023-08-11,88,69,78.5,1.7,0,14,0.00,0.0,0
2023-08-12,93,70,81.5,4.8,0,17,0.00,0.0,0
2023-08-13,91,70,80.5,3.9,0,16,T,0.0,0
2023-08-14,92,69,80.5,4.0,0,16,0.83,0.0,0
2023-08-15,93,75,84.0,7.6,0,19,0.06,0.0,0
2023-08-16,88,69,78.5,2.2,0,14,0.00,0.0,0
2023-08-17,89,67,78.0,1.8,0,13,T,0.0,0
2023-08-18,85,63,74.0,-2.1,0,9,T,0.0,0
2023-08-19,83,58,70.5,-5.5,0,6,0.00,0.0,0
2023-08-20,89,60,74.5,-1.3,0,10,0.00,0.0,0
2023-08-21,92,69,80.5,4.8,0,16,0.00,0.0,0
2023-08-22,84,63,73.5,-2.1,0,9,0.00,0.0,0
2023-08-23,84,58,71.0,-4.4,0,6,0.00,0.0,0
2023-08-24,82,71,76.5,1.2,0,12,0.03,0.0,0
2023-08-25,94,73,83.5,8.4,0,19,T,0.0,0
2023-08-26,93,73,83.0,8.0,0,18,0.00,0.0,0
2023-08-27,90,69,79.5,4.7,0,15,0.00,0.0,0
2023-08-28,80,73,76.5,1.9,0,12,T,0.0,0
2023-08-29,83,72,77.5,3.1,0,13,0.01,0.0,0
2023-08-30,89,70,79.5,5.3,0,15,0.13,0.0,0
2023-08-31,83,64,73.5,-0.5,0,9,0.00,0.0,0
2023-09-01,81,58,69.5,-4.3,0,5,0.00,0.0,0
2023-09-02,87,56,71.5,-2.1,0,7,0.00,0.0,0
2023-09-03,98,64,81.0,7.7,0,16,0.00,0.0,0
2023-09-04,99,72,85.5,12.4,0,21,0.00,0.0,0
2023-09-05,99,75,87.0,14.2,0,22,0.00,0.0,0
2023-09-06,100,73,86.5,13.9,0,22,0.00,0.0,0
2023-09-07,98,74,86.0,13.7,0,21,T,0.0,0
2023-09-08,93,71,82.0,10.0,0,17,0.12,0.0,0
2023-09-09,88,68,78.0,6.3,0,13,1.60,0.0,0
2023-09-10,82,69,75.5,4.1,0,11,0.06,0.0,0
2023-09-11,86,70,78.0,6.9,0,13,1.00,0.0,0
2023-09-12,87,67,77.0,6.3,0,12,1.07,0.0,0
2023-09-13,85,69,77.0,6.6,0,12,0.00,0.0,0
2023-09-14,82,63,72.5,2.4,0,8,0.00,0.0,0
2023-09-15,78,58,68.0,-1.7,0,3,0.00,0.0,0
2023-09-16,82,54,68.0,-1.3,0,3,0.00,0.0,0
2023-09-17,76,53,64.5,-4.5,0,0,0.08,0.0,0
2023-09-18,79,60,69.5,0.9,0,5,T,0.0,0
2023-09-19,78,55,66.5,-1.7,0,2,0.00,0.0,0
2023-09-20,80,52,66.0,-1.8,0,1,0.00,0.0,0
2023-09-21,79,54,66.5,-0.9,0,2,0.00,0.0,0
2023-09-22,74,58,66.0,-1.0,0,1,0.01,0.0,0
2023-09-23,64,58,61.0,-5.6,4,0,1.29,0.0,0
2023-09-24,70,64,67.0,0.8,0,2,0.90,0.0,0
2023-09-25,70,61,65.5,-0.3,0,1,0.06,0.0,0
2023-09-26,63,59,61.0,-4.4,4,0,0.07,0.0,0
2023-09-27,69,57,63.0,-2.0,2,0,0.00,0.0,0
2023-09-28,70,54,62.0,-2.6,3,0,T,0.0,0
2023-09-29,70,61,65.5,1.3,0,1,0.01,0.0,0
2023-09-30,75,63,69.0,5.3,0,4,0.00,0.0,0
2023-10-01,83,59,71.0,7.7,0,6,0.00,0.0,0
2023-10-02,85,60,72.5,9.6,0,8,0.00,0.0,0
2023-10-03,86,60,73.0,10.5,0,8,0.00,0.0,0
2023-10-04,83,57,70.0,7.9,0,5,0.00,0.0,0
2023-10-05,81,54,67.5,5.8,0,3,0.00,0.0,0
2023-10-06,80,69,74.5,13.3,0,10,0.00,0.0,0
2023-10-07,70,50,60.0,-0.8,5,0,0.10,0.0,0
2023-10-08,63,49,56.0,-4.4,9,0,0.00,0.0,0
2023-10-09,64,43,53.5,-6.5,11,0,0.01,0.0,0
2023-10-10,70,47,58.5,-1.1,6,0,0.00,0.0,0
2023-10-11,72,43,57.5,-1.7,7,0,0.00,0.0,0
2023-10-12,75,45,60.0,1.2,5,0,0.00,0.0,0
2023-10-13,72,52,62.0,3.6,3,0,0.00,0.0,0
2023-10-14,60,52,56.0,-2.0,9,0,0.73,0.0,0
2023-10-15,63,44,53.5,-4.1,11,0,0.02,0.0,0
2023-10-16,63,41,52.0,-5.3,13,0,0.01,0.0,0
2023-10-17,64,47,55.5,-1.4,9,0,T,0.0,0
2023-10-18,66,46,56.0,-0.5,9,0,0.00,0.0,0
2023-10-19,73,43,58.0,1.9,7,0,0.00,0.0,0
2023-10-20,73,52,62.5,6.7,2,0,0.12,0.0,0
2023-10-21,68,49,58.5,3.1,6,0,T,0.0,0
2023-10-22,64,47,55.5,0.4,9,0,T,0.0,0
2023-10-23,65,41,53.0,-1.7,12,0,0.00,0.0,0
2023-10-24,72,38,55.0,0.7,10,0,0.00,0.0,0
2023-10-25,78,43,60.5,6.5,4,0,0.00,0.0,0
2023-10-26,83,47,65.0,11.4,0,0,0.00,0.0,0
2023-10-27,82,59,70.5,17.2,0,6,T,0.0,0
2023-10-28,85,57,71.0,18.1,0,6,0.00,0.0,0
2023-10-29,74,61,67.5,14.9,0,3,T,0.0,0
2023-10-30,81,53,67.0,14.7,0,2,0.14,0.0,0
2023-10-31,54,39,46.5,-5.4,18,0,T,0.0,0
2023-11-01,50,35,42.5,-9.1,22,0,T,0.0,0
2023-11-02,53,32,42.5,-8.7,22,0,0.00,0.0,0
2023-11-03,62,29,45.5,-5.4,19,0,0.00,0.0,0
2023-11-04,71,33,52.0,1.4,13,0,0.00,0.0,0
2023-11-05,74,39,56.5,6.2,8,0,0.00,0.0,0
2023-11-06,63,44,53.5,3.6,11,0,0.00,0.0,0
2023-11-07,73,48,60.5,10.9,4,0,0.00,0.0,0
2023-11-08,63,44,53.5,4.2,11,0,0.00,0.0,0
2023-11-09,77,46,61.5,12.6,3,0,0.01,0.0,0
2023-11-10,57,38,47.5,-1.1,17,0,0.21,0.0,0
2023-11-11,61,38,49.5,1.2,15,0,0.00,0.0,0
2023-11-12,52,34,43.0,-5.0,22,0,0.00,0.0,0
2023-11-13,56,29,42.5,-5.1,22,0,0.00,0.0,0
2023-11-14,61,34,47.5,0.2,17,0,0.00,0.0,0
2023-11-15,60,33,46.5,-0.5,18,0,0.00,0.0,0
2023-11-16,72,33,52.5,5.8,12,0,0.00,0.0,0
2023-11-17,71,38,54.5,8.1,10,0,0.02,0.0,0
2023-11-18,60,39,49.5,3.4,15,0,T,0.0,0
2023-11-19,60,33,46.5,0.8,18,0,0.00,0.0,0
2023-11-20,52,34,43.0,-2.4,22,0,0.00,0.0,0
2023-11-21,58,36,47.0,1.9,18,0,2.20,0.0,0
2023-11-22,61,47,54.0,9.2,11,0,0.08,0.0,0
2023-11-23,57,39,48.0,3.5,17,0,0.00,0.0,0
2023-11-24,56,35,45.5,1.3,19,0,0.00,0.0,0
2023-11-25,43,29,36.0,-7.9,29,0,0.00,0.0,0
2023-11-26,45,30,37.5,-6.1,27,0,0.28,0.0,0
2023-11-27,51,32,41.5,-1.8,23,0,0.00,0.0,0
2023-11-28,42,27,34.5,-8.5,30,0,T,T,0
2023-11-29,40,23,31.5,-11.2,33,0,0.00,0.0,0
2023-11-30,58,25,41.5,-0.9,23,0,0.00,0.0,0
2023-12-01,48,30,39.0,-3.2,26,0,0.18,0.0,0
2023-12-02,54,44,49.0,7.1,16,0,0.01,0.0,0
2023-12-03,56,48,52.0,10.4,13,0,0.59,0.0,0
2023-12-04,56,36,46.0,4.7,19,0,0.00,0.0,0
2023-12-05,51,32,41.5,0.4,23,0,T,0.0,0
2023-12-06,45,32,38.5,-2.3,26,0,0.01,T,0
2023-12-07,45,28,36.5,-4.0,28,0,T,T,0
2023-12-08,57,32,44.5,4.2,20,0,0.00,0.0,0
2023-12-09,56,34,45.0,5.0,20,0,0.00,0.0,0
2023-12-10,61,42,51.5,11.7,13,0,1.52,0.0,0
2023-12-11,48,32,40.0,0.5,25,0,0.48,T,0
2023-12-12,49,25,37.0,-2.3,28,0,0.00,0.0,0
2023-12-13,51,28,39.5,0.4,25,0,0.00,0.0,0
2023-12-14,48,23,35.5,-3.3,29,0,0.00,0.0,0
2023-12-15,60,29,44.5,5.9,20,0,0.00,0.0,0
2023-12-16,58,33,45.5,7.1,19,0,0.00,0.0,0
2023-12-17,57,42,49.5,11.3,15,0,2.14,0.0,0
2023-12-18,57,37,47.0,9.1,18,0,0.68,0.0,0
2023-12-19,43,26,34.5,-3.2,30,0,0.00,0.0,0
2023-12-20,49,23,36.0,-1.5,29,0,0.00,0.0,0
2023-12-21,49,29,39.0,1.7,26,0,0.00,0.0,0
2023-12-22,46,35,40.5,3.4,24,0,0.00,0.0,0
2023-12-23,50,36,43.0,6.1,22,0,0.00,0.0,0
2023-12-24,51,37,44.0,7.2,21,0,0.02,0.0,0
2023-12-25,57,42,49.5,12.9,15,0,0.00,0.0,0
2023-12-26,48,44,46.0,9.6,19,0,0.04,0.0,0
2023-12-27,54,46,50.0,13.8,15,0,1.62,0.0,0
2023-12-28,59,45,52.0,15.9,13,0,0.00,0.0,0
2023-12-29,55,44,49.5,13.6,15,0,T,0.0,0
2023-12-30,49,38,43.5,7.8,21,0,0.00,0.0,0
2023-12-31,51,41,46.0,10.4,19,0,T,0.0,0
2024-01-01,45,37,41.0,5.6,24,0,0.03,0.0,0
2024-01-02,45,32,38.5,3.2,26,0,0.00,0.0,0
2024-01-03,48,27,37.5,2.3,27,0,0.00,0.0,0
2024-01-04,45,30,37.5,2.5,27,0,0.00,0.0,0
2024-01-05,42,22,32.0,-2.9,33,0,0.00,0.0,0
2024-01-06,39,26,32.5,-2.3,32,0,1.20,T,0
2024-01-07,51,35,43.0,8.3,22,0,0.00,0.0,0
2024-01-08,50,29,39.5,4.9,25,0,0.00,0.0,0
2024-01-09,59,33,46.0,11.5,19,0,2.62,0.0,0
2024-01-10,59,42,50.5,16.1,14,0,T,0.0,0
2024-01-11,52,30,41.0,6.7,24,0,0.00,0.0,0
2024-01-12,56,28,42.0,7.8,23,0,0.40,0.0,0
2024-01-13,56,34,45.0,10.9,20,0,0.08,0.0,0
2024-01-14,46,28,37.0,2.9,28,0,T,T,0
2024-01-15,30,24,27.0,-7.0,38,0,0.36,4.1,T
2024-01-16,31,16,23.5,-10.5,41,0,0.12,0.8,5
2024-01-17,28,12,20.0,-13.9,45,0,0.00,0.0,3
2024-01-18,35,13,24.0,-9.9,41,0,0.00,0.0,3
2024-01-19,33,22,27.5,-6.4,37,0,0.38,4.2,5
2024-01-20,27,17,22.0,-11.9,43,0,0.00,0.0,6
2024-01-21,33,18,25.5,-8.4,39,0,0.00,0.0,2
2024-01-22,39,14,26.5,-7.4,38,0,0.00,0.0,2
2024-01-23,46,23,34.5,0.6,30,0,0.00,0.0,2
2024-01-24,45,36,40.5,6.6,24,0,0.01,0.0,0
2024-01-25,62,44,53.0,19.1,12,0,0.20,0.0,0
2024-01-26,78,48,63.0,29.0,2,0,0.03,0.0,0
2024-01-27,60,40,50.0,16.0,15,0,0.05,0.0,0
2024-01-28,46,42,44.0,9.9,21,0,1.29,0.0,0
2024-01-29,47,41,44.0,9.8,21,0,0.00,0.0,0
2024-01-30,42,37,39.5,5.3,25,0,0.00,0.0,0
2024-01-31,44,32,38.0,3.7,27,0,T,0.0,0
2024-02-01,55,28,41.5,7.1,23,0,0.00,0.0,0
2024-02-02,50,41,45.5,11.0,19,0,0.02,0.0,0
2024-02-03,51,32,41.5,6.9,23,0,0.00,0.0,0
2024-02-04,55,27,41.0,6.3,24,0,0.00,0.0,0
2024-02-05,49,27,38.0,3.1,27,0,0.00,0.0,0
2024-02-06,45,28,36.5,1.5,28,0,0.00,0.0,0
2024-02-07,52,24,38.0,2.9,27,0,0.00,0.0,0
2024-02-08,56,28,42.0,6.7,23,0,0.00,0.0,0
2024-02-09,62,38,50.0,14.5,15,0,0.00,0.0,0
2024-02-10,65,38,51.5,15.9,13,0,0.00,0.0,0
2024-02-11,58,47,52.5,16.7,12,0,0.05,0.0,0
2024-02-12,49,42,45.5,9.5,19,0,0.10,0.0,0
2024-02-13,47,34,40.5,4.3,24,0,0.89,T,0
2024-02-14,44,27,35.5,-0.9,29,0,0.00,0.0,0
2024-02-15,46,23,34.5,-2.1,30,0,T,0.0,0
2024-02-16,48,31,39.5,2.7,25,0,0.00,0.0,0
2024-02-17,40,25,32.5,-4.5,32,0,0.26,2.2,2
2024-02-18,48,23,35.5,-1.7,29,0,0.00,0.0,0
2024-02-19,48,24,36.0,-1.4,29,0,0.00,0.0,0
2024-02-20,47,27,37.0,-0.6,28,0,0.00,0.0,0
2024-02-21,46,24,35.0,-2.9,30,0,0.00,0.0,0
2024-02-22,46,26,36.0,-2.1,29,0,0.22,0.0,0
2024-02-23,50,38,44.0,5.7,21,0,0.01,0.0,0
2024-02-24,51,30,40.5,1.9,24,0,0.01,0.0,0
2024-02-25,47,21,34.0,-4.8,31,0,0.00,0.0,0
2024-02-26,62,30,46.0,6.9,19,0,T,0.0,0
2024-02-27,66,36,51.0,11.7,14,0,T,0.0,0
2024-02-28,66,40,53.0,13.4,12,0,0.28,0.0,0
2024-02-29,48,30,39.0,-0.7,26,0,0.00,0.0,0
2024-03-01,50,26,38.0,-1.9,27,0,0.03,0.0,0
2024-03-02,56,40,48.0,7.9,17,0,1.02,0.0,0
2024-03-03,68,36,52.0,11.6,13,0,0.00,0.0,0
2024-03-04,67,47,57.0,16.3,8,0,T,0.0,0
2024-03-05,55,46,50.5,9.6,14,0,0.49,0.0,0
2024-03-06,53,45,49.0,7.8,16,0,0.35,0.0,0
2024-03-07,64,49,56.5,15.0,8,0,0.03,0.0,0
2024-03-08,56,43,49.5,7.7,15,0,0.00,0.0,0
2024-03-09,51,42,46.5,4.4,18,0,1.08,0.0,0
2024-03-10,49,35,42.0,-0.4,23,0,0.01,T,0
2024-03-11,56,37,46.5,3.8,18,0,0.00,0.0,0
2024-03-12,73,44,58.5,15.5,6,0,0.00,0.0,0
2024-03-13,74,40,57.0,13.7,8,0,0.00,0.0,0
2024-03-14,80,44,62.0,18.4,3,0,0.00,0.0,0
2024-03-15,75,53,64.0,20.1,1,0,0.01,0.0,0
2024-03-16,64,41,52.5,8.3,12,0,0.00,0.0,0
2024-03-17,70,48,59.0,14.5,6,0,0.00,0.0,0
2024-03-18,52,35,43.5,-1.3,21,0,0.00,0.0,0
2024-03-19,52,32,42.0,-3.2,23,0,0.00,0.0,0
2024-03-20,68,37,52.5,7.0,12,0,0.00,0.0,0
2024-03-21,49,28,38.5,-7.3,26,0,0.00,0.0,0
2024-03-22,49,29,39.0,-7.2,26,0,T,0.0,0
2024-03-23,56,34,45.0,-1.5,20,0,1.53,0.0,0
2024-03-24,51,28,39.5,-7.4,25,0,0.00,0.0,0
2024-03-25,53,31,42.0,-5.2,23,0,0.00,0.0,0
2024-03-26,56,32,44.0,-3.6,21,0,0.00,0.0,0
2024-03-27,48,44,46.0,-1.9,19,0,0.82,0.0,0
2024-03-28,53,42,47.5,-0.8,17,0,0.09,0.0,0
2024-03-29,62,34,48.0,-0.6,17,0,0.00,0.0,0
2024-03-30,63,34,48.5,-0.5,16,0,0.08,0.0,0
2024-03-31,69,43,56.0,6.6,9,0,0.00,0.0,0
2024-04-01,54,50,52.0,2.3,13,0,0.71,0.0,0
2024-04-02,50,47,48.5,-1.6,16,0,0.94,0.0,0
2024-04-03,50,44,47.0,-3.5,18,0,1.21,0.0,0
2024-04-04,54,35,44.5,-6.4,20,0,0.02,0.0,0
2024-04-05,54,37,45.5,-5.7,19,0,0.00,0.0,0
2024-04-06,56,37,46.5,-5.1,18,0,0.00,0.0,0
2024-04-07,65,40,52.5,0.5,12,0,0.00,0.0,0
2024-04-08,71,36,53.5,1.1,11,0,0.00,0.0,0
2024-04-09,77,44,60.5,7.7,4,0,0.00,0.0,0
2024-04-10,77,57,67.0,13.9,0,2,0.00,0.0,0
2024-04-11,73,61,67.0,13.5,0,2,0.02,0.0,0
2024-04-12,68,56,62.0,8.1,3,0,0.20,0.0,0
2024-04-13,66,48,57.0,2.8,8,0,T,0.0,0
2024-04-14,82,40,61.0,6.4,4,0,0.00,0.0,0
2024-04-15,85,60,72.5,17.5,0,8,T,0.0,0
2024-04-16,77,50,63.5,8.2,1,0,0.00,0.0,0
2024-04-17,70,56,63.0,7.3,2,0,0.03,0.0,0
2024-04-18,69,53,61.0,4.9,4,0,0.00,0.0,0
2024-04-19,55,49,52.0,-4.4,13,0,0.01,0.0,0
2024-04-20,73,52,62.5,5.7,2,0,0.04,0.0,0
2024-04-21,54,42,48.0,-9.1,17,0,0.00,0.0,0
2024-04-22,65,35,50.0,-7.4,15,0,0.00,0.0,0
2024-04-23,72,38,55.0,-2.8,10,0,0.00,0.0,0
2024-04-24,75,51,63.0,4.9,2,0,0.00,0.0,0
2024-04-25,60,45,52.5,-5.9,12,0,T,0.0,0
2024-04-26,65,39,52.0,-6.7,13,0,0.00,0.0,0
2024-04-27,58,51,54.5,-4.6,10,0,0.02,0.0,0
2024-04-28,86,52,69.0,9.6,0,4,0.00,0.0,0
2024-04-29,92,61,76.5,16.8,0,12,0.00,0.0,0
2024-04-30,88,64,76.0,16.0,0,11,0.18,0.0,0
2024-05-01,83,61,72.0,11.7,0,7,0.00,0.0,0
2024-05-02,90,56,73.0,12.4,0,8,0.00,0.0,0
2024-05-03,72,53,62.5,1.7,2,0,T,0.0,0
2024-05-04,54,51,52.5,-8.6,12,0,0.37,0.0,0
2024-05-05,67,52,59.5,-1.9,5,0,0.74,0.0,0
2024-05-06,73,63,68.0,6.3,0,3,T,0.0,0
2024-05-07,79,64,71.5,9.5,0,7,T,0.0,0
2024-05-08,85,64,74.5,12.3,0,10,0.00,0.0,0
2024-05-09,71,58,64.5,2.0,0,0,0.25,0.0,0
2024-05-10,58,50,54.0,-8.8,11,0,0.10,0.0,0
2024-05-11,65,46,55.5,-7.5,9,0,0.23,0.0,0
2024-05-12,66,47,56.5,-6.8,8,0,0.07,0.0,0
2024-05-13,75,53,64.0,0.4,1,0,0.00,0.0,0
2024-05-14,67,54,60.5,-3.3,4,0,0.35,0.0,0
2024-05-15,66,55,60.5,-3.6,4,0,0.05,0.0,0
2024-05-16,77,53,65.0,0.6,0,0,0.00,0.0,0
2024-05-17,67,62,64.5,-0.1,0,0,T,0.0,0
2024-05-18,65,59,62.0,-2.9,3,0,0.20,0.0,0
2024-05-19,76,60,68.0,2.8,0,3,0.01,0.0,0
2024-05-20,78,57,67.5,2.1,0,3,0.00,0.0,0
2024-05-21,83,55,69.0,3.3,0,4,0.00,0.0,0
2024-05-22,87,59,73.0,7.0,0,8,0.00,0.0,0
2024-05-23,84,67,75.5,9.2,0,11,T,0.0,0
2024-05-24,85,65,75.0,8.4,0,10,0.00,0.0,0
2024-05-25,87,64,75.5,8.6,0,11,0.02,0.0,0
2024-05-26,88,64,76.0,8.9,0,11,0.01,0.0,0
2024-05-27,79,64,71.5,4.1,0,7,0.31,0.0,0
2024-05-28,83,62,72.5,4.8,0,8,0.00,0.0,0
2024-05-29,78,56,67.0,-1.0,0,2,0.05,0.0,0
2024-05-30,76,55,65.5,-2.9,0,1,0.00,0.0,0
2024-05-31,77,51,64.0,-4.7,1,0,0.00,0.0,0
2024-06-01,85,54,69.5,0.5,0,5,0.00,0.0,0
2024-06-02,85,58,71.5,2.2,0,7,0.00,0.0,0
2024-06-03,86,68,77.0,7.4,0,12,0.00,0.0,0
2024-06-04,90,62,76.0,6.0,0,11,0.00,0.0,0
2024-06-05,83,71,77.0,6.7,0,12,0.33,0.0,0
2024-06-06,86,71,78.5,7.9,0,14,T,0.0,0
2024-06-07,87,65,76.0,5.1,0,11,T,0.0,0
2024-06-08,85,59,72.0,0.7,0,7,0.00,0.0,0
2024-06-09,84,64,74.0,2.4,0,9,0.00,0.0,0
2024-06-10,83,59,71.0,-0.9,0,6,T,0.0,0
2024-06-11,75,58,66.5,-5.7,0,2,T,0.0,0
2024-06-12,84,54,69.0,-3.6,0,4,0.00,0.0,0
2024-06-13,89,63,76.0,3.1,0,11,0.01,0.0,0
2024-06-14,95,69,82.0,8.8,0,17,0.08,0.0,0
2024-06-15,86,63,74.5,1.0,0,10,0.00,0.0,0
2024-06-16,87,59,73.0,-0.8,0,8,0.00,0.0,0
2024-06-17,91,68,79.5,5.4,0,15,0.00,0.0,0
2024-06-18,92,71,81.5,7.1,0,17,0.00,0.0,0
2024-06-19,90,69,79.5,4.8,0,15,0.00,0.0,0
2024-06-20,91,67,79.0,4.0,0,14,0.00,0.0,0
2024-06-21,97,67,82.0,6.7,0,17,0.00,0.0,0
2024-06-22,101,74,87.5,11.9,0,23,0.00,0.0,0
2024-06-23,98,81,89.5,13.7,0,25,T,0.0,0
2024-06-24,90,71,80.5,4.4,0,16,0.00,0.0,0
2024-06-25,93,62,77.5,1.2,0,13,0.00,0.0,0
2024-06-26,99,72,85.5,9.0,0,21,0.09,0.0,0
2024-06-27,91,70,80.5,3.7,0,16,T,0.0,0
2024-06-28,84,69,76.5,-0.5,0,12,0.00,0.0,0
2024-06-29,92,68,80.0,2.8,0,15,0.09,0.0,0
2024-06-30,97,75,86.0,8.7,0,21,0.80,0.0,0
2024-07-01,82,62,72.0,-5.5,0,7,0.00,0.0,0
2024-07-02,87,62,74.5,-3.2,0,10,0.00,0.0,0
2024-07-03,88,68,78.0,0.2,0,13,0.00,0.0,0
2024-07-04,94,71,82.5,4.6,0,18,T,0.0,0
2024-07-05,98,77,87.5,9.4,0,23,0.00,0.0,0
2024-07-06,100,81,90.5,12.3,0,26,0.00,0.0,0
2024-07-07,97,77,87.0,8.7,0,22,0.00,0.0,0
2024-07-08,98,73,85.5,7.2,0,21,0.00,0.0,0
2024-07-09,99,77,88.0,9.6,0,23,0.13,0.0,0
2024-07-10,95,78,86.5,8.0,0,22,0.07,0.0,0
2024-07-11,93,74,83.5,5.0,0,19,0.00,0.0,0
2024-07-12,82,72,77.0,-1.6,0,12,0.06,0.0,0
2024-07-13,95,74,84.5,5.9,0,20,T,0.0,0
2024-07-14,101,75,88.0,9.4,0,23,0.00,0.0,0
2024-07-15,102,76,89.0,10.4,0,24,T,0.0,0
2024-07-16,104,76,90.0,11.4,0,25,0.16,0.0,0
2024-07-17,100,77,88.5,9.9,0,24,0.02,0.0,0
2024-07-18,87,72,79.5,0.9,0,15,0.00,0.0,0
2024-07-19,88,69,78.5,0.0,0,14,0.00,0.0,0
2024-07-20,88,71,79.5,1.0,0,15,0.06,0.0,0
2024-07-21,91,68,79.5,1.1,0,15,0.00,0.0,0
2024-07-22,82,74,78.0,-0.4,0,13,0.40,0.0,0
2024-07-23,91,71,81.0,2.7,0,16,0.03,0.0,0
2024-07-24,89,75,82.0,3.7,0,17,T,0.0,0
2024-07-25,89,72,80.5,2.3,0,16,T,0.0,0
2024-07-26,88,67,77.5,-0.7,0,13,0.00,0.0,0
2024-07-27,90,63,76.5,-1.6,0,12,0.00,0.0,0
2024-07-28,91,63,77.0,-1.0,0,12,0.00,0.0,0
2024-07-29,94,72,83.0,5.1,0,18,0.47,0.0,0
2024-07-30,86,73,79.5,1.6,0,15,0.01,0.0,0
2024-07-31,95,74,84.5,6.7,0,20,T,0.0,0
2024-08-01,101,71,86.0,8.3,0,21,0.00,0.0,0
2024-08-02,100,75,87.5,9.9,0,23,2.18,0.0,0
2024-08-03,95,73,84.0,6.5,0,19,0.79,0.0,0
2024-08-04,88,73,80.5,3.1,0,16,T,0.0,0
2024-08-05,96,72,84.0,6.6,0,19,0.00,0.0,0
2024-08-06,95,73,84.0,6.7,0,19,0.14,0.0,0
2024-08-07,88,73,80.5,3.3,0,16,0.23,0.0,0
2024-08-08,80,73,76.5,-0.6,0,12,0.79,0.0,0
2024-08-09,82,77,79.5,2.5,0,15,1.03,0.0,0
2024-08-10,90,72,81.0,4.1,0,16,T,0.0,0
2024-08-11,84,65,74.5,-2.3,0,10,0.00,0.0,0
2024-08-12,85,64,74.5,-2.2,0,10,0.00,0.0,0
2024-08-13,86,63,74.5,-2.1,0,10,0.00,0.0,0
2024-08-14,86,64,75.0,-1.5,0,10,0.00,0.0,0
2024-08-15,89,63,76.0,-0.4,0,11,0.00,0.0,0
2024-08-16,89,64,76.5,0.2,0,12,0.00,0.0,0
2024-08-17,82,68,75.0,-1.2,0,10,0.38,0.0,0
2024-08-18,86,69,77.5,1.4,0,13,0.54,0.0,0
2024-08-19,86,69,77.5,1.5,0,13,T,0.0,0
2024-08-20,75,58,66.5,-9.3,0,2,0.00,0.0,0
2024-08-21,76,53,64.5,-11.2,0,0,0.00,0.0,0
2024-08-22,79,53,66.0,-9.6,0,1,0.00,0.0,0
2024-08-23,83,55,69.0,-6.4,0,4,0.00,0.0,0
2024-08-24,85,56,70.5,-4.8,0,6,0.00,0.0,0
2024-08-25,88,61,74.5,-0.6,0,10,0.00,0.0,0
2024-08-26,91,67,79.0,4.0,0,14,0.01,0.0,0
2024-08-27,92,65,78.5,3.7,0,14,0.00,0.0,0
2024-08-28,97,72,84.5,9.9,0,20,T,0.0,0
2024-08-29,89,70,79.5,5.1,0,15,0.12,0.0,0
2024-08-30,75,69,72.0,-2.2,0,7,T,0.0,0
2024-08-31,82,71,76.5,2.5,0,12,0.01,0.0,0
2024-09-01,89,69,79.0,5.2,0,14,0.00,0.0,0
2024-09-02,81,64,72.5,-1.1,0,8,0.00,0.0,0
2024-09-03,77,55,66.0,-7.3,0,1,0.00,0.0,0
2024-09-04,78,52,65.0,-8.1,0,0,0.00,0.0,0
2024-09-05,79,55,67.0,-5.8,0,2,0.00,0.0,0
2024-09-06,80,58,69.0,-3.6,0,4,0.00,0.0,0
2024-09-07,77,53,65.0,-7.3,0,0,0.01,0.0,0
2024-09-08,74,46,60.0,-12.0,5,0,0.00,0.0,0
2024-09-09,80,46,63.0,-8.7,2,0,0.00,0.0,0
2024-09-10,87,53,70.0,-1.4,0,5,0.00,0.0,0
2024-09-11,85,56,70.5,-0.6,0,6,0.00,0.0,0
2024-09-12,82,59,70.5,-0.2,0,6,0.00,0.0,0
2024-09-13,82,62,72.0,1.6,0,7,0.00,0.0,0
2024-09-14,85,59,72.0,1.9,0,7,0.00,0.0,0
2024-09-15,85,58,71.5,1.8,0,7,0.00,0.0,0
2024-09-16,78,62,70.0,0.7,0,5,0.00,0.0,0
2024-09-17,78,69,73.5,4.5,0,9,0.02,0.0,0
2024-09-18,77,68,72.5,3.9,0,8,0.27,0.0,0
2024-09-19,87,64,75.5,7.3,0,11,0.00,0.0,0
2024-09-20,85,61,73.0,5.2,0,8,0.00,0.0,0
2024-09-21,81,67,74.0,6.6,0,9,0.06,0.0,0
2024-09-22,73,64,68.5,1.5,0,4,0.27,0.0,0
2024-09-23,68,61,64.5,-2.1,0,0,0.11,0.0,0
2024-09-24,68,60,64.0,-2.2,1,0,0.07,0.0,0
2024-09-25,70,63,66.5,0.7,0,2,0.19,0.0,0
2024-09-26,78,68,73.0,7.6,0,8,0.45,0.0,0
2024-09-27,73,69,71.0,6.0,0,6,0.29,0.0,0
2024-09-28,81,66,73.5,8.9,0,9,0.13,0.0,0
2024-09-29,67,63,65.0,0.8,0,0,0.03,0.0,0
2024-09-30,66,61,63.5,-0.2,1,0,0.13,0.0,0
2024-10-01,69,60,64.5,1.2,0,0,0.35,0.0,0
2024-10-02,64,58,61.0,-1.9,4,0,0.01,0.0,0
2024-10-03,77,58,67.5,5.0,0,3,0.00,0.0,0
2024-10-04,74,57,65.5,3.4,0,1,T,0.0,0
2024-10-05,76,50,63.0,1.3,2,0,0.00,0.0,0
2024-10-06,76,47,61.5,0.3,3,0,0.00,0.0,0
2024-10-07,74,52,63.0,2.2,2,0,0.00,0.0,0
2024-10-08,68,46,57.0,-3.4,8,0,0.00,0.0,0
2024-10-09,68,43,55.5,-4.5,9,0,0.00,0.0,0
2024-10-10,62,40,51.0,-8.6,14,0,0.00,0.0,0
2024-10-11,67,36,51.5,-7.7,13,0,0.00,0.0,0
2024-10-12,77,49,63.0,4.2,2,0,0.00,0.0,0
2024-10-13,79,48,63.5,5.1,1,0,0.00,0.0,0
2024-10-14,67,42,54.5,-3.5,10,0,0.00,0.0,0
2024-10-15,57,38,47.5,-10.1,17,0,0.00,0.0,0
2024-10-16,55,35,45.0,-12.3,20,0,0.00,0.0,0
2024-10-17,59,32,45.5,-11.4,19,0,0.00,0.0,0
2024-10-18,67,37,52.0,-4.5,13,0,0.00,0.0,0
2024-10-19,69,35,52.0,-4.1,13,0,0.00,0.0,0
2024-10-20,74,34,54.0,-1.8,11,0,0.00,0.0,0
2024-10-21,78,38,58.0,2.6,7,0,0.00,0.0,0
2024-10-22,81,45,63.0,7.9,2,0,0.00,0.0,0
2024-10-23,77,42,59.5,4.8,5,0,0.00,0.0,0
2024-10-24,67,40,53.5,-0.8,11,0,0.00,0.0,0
2024-10-25,66,36,51.0,-3.0,14,0,0.00,0.0,0
2024-10-26,66,41,53.5,-0.1,11,0,0.00,0.0,0
2024-10-27,57,33,45.0,-8.3,20,0,0.00,0.0,0
2024-10-28,60,31,45.5,-7.4,19,0,0.00,0.0,0
2024-10-29,65,34,49.5,-3.1,15,0,0.00,0.0,0
2024-10-30,78,41,59.5,7.2,5,0,0.00,0.0,0
2024-10-31,80,50,65.0,13.1,0,0,0.00,0.0,0
2024-11-01,79,54,66.5,14.9,0,2,T,0.0,0
2024-11-02,64,39,51.5,0.3,13,0,0.00,0.0,0
2024-11-03,59,36,47.5,-3.4,17,0,0.00,0.0,0
2024-11-04,60,33,46.5,-4.1,18,0,0.00,0.0,0
2024-11-05,77,52,64.5,14.2,0,0,0.00,0.0,0
2024-11-06,81,62,71.5,21.6,0,7,0.00,0.0,0
2024-11-07,80,52,66.0,16.4,0,1,0.00,0.0,0
2024-11-08,71,48,59.5,10.2,5,0,0.00,0.0,0
2024-11-09,59,34,46.5,-2.4,18,0,0.00,0.0,0
2024-11-10,60,34,47.0,-1.6,18,0,0.22,0.0,0
2024-11-11,75,55,65.0,16.7,0,0,0.14,0.0,0
2024-11-12,61,41,51.0,3.0,14,0,0.00,0.0,0
2024-11-13,50,32,41.0,-6.6,24,0,0.00,0.0,0
2024-11-14,51,31,41.0,-6.3,24,0,0.07,0.0,0
2024-11-15,56,43,49.5,2.5,15,0,0.04,0.0,0
2024-11-16,63,42,52.5,5.8,12,0,0.00,0.0,0
2024-11-17,60,35,47.5,1.1,17,0,0.00,0.0,0
2024-11-18,71,36,53.5,7.4,11,0,0.00,0.0,0
2024-11-19,69,51,60.0,14.3,5,0,T,0.0,0
2024-11-20,64,48,56.0,10.6,9,0,0.94,0.0,0
2024-11-21,54,36,45.0,-0.1,20,0,0.06,0.0,0
2024-11-22,42,34,38.0,-6.8,27,0,0.10,T,0
2024-11-23,55,39,47.0,2.5,18,0,0.02,0.0,0
2024-11-24,58,43,50.5,6.3,14,0,0.00,0.0,0
2024-11-25,60,35,47.5,3.6,17,0,0.00,0.0,0
2024-11-26,64,37,50.5,6.9,14,0,0.25,0.0,0
2024-11-27,57,34,45.5,2.2,19,0,T,0.0,0
2024-11-28,54,38,46.0,3.0,19,0,0.61,0.0,0
2024-11-29,45,31,38.0,-4.7,27,0,T,T,0
2024-11-30,38,23,30.5,-11.9,34,0,0.00,0.0,0
2024-12-01,44,21,32.5,-9.7,32,0,0.00,0.0,0
2024-12-02,42,24,33.0,-8.9,32,0,0.00,0.0,0
2024-12-03,43,26,34.5,-7.1,30,0,0.00,0.0,0
2024-12-04,46,23,34.5,-6.8,30,0,T,T,0
2024-12-05,45,28,36.5,-4.6,28,0,T,T,0
2024-12-06,39,26,32.5,-8.3,32,0,T,T,0
2024-12-07,42,26,34.0,-6.5,31,0,0.00,0.0,0
2024-12-08,64,35,49.5,9.2,15,0,0.00,0.0,0
2024-12-09,57,32,44.5,4.5,20,0,0.03,0.0,0
2024-12-10,48,42,45.0,5.2,20,0,0.04,0.0,0
2024-12-11,64,37,50.5,11.0,14,0,0.88,0.0,0
2024-12-12,46,28,37.0,-2.3,28,0,0.00,0.0,0
2024-12-13,37,24,30.5,-8.6,34,0,0.00,0.0,0
2024-12-14,37,28,32.5,-6.3,32,0,0.00,0.0,0
2024-12-15,40,29,34.5,-4.1,30,0,0.23,0.0,0
2024-12-16,49,38,43.5,5.1,21,0,0.38,0.0,0
2024-12-17,64,37,50.5,12.3,14,0,0.00,0.0,0
2024-12-18,55,32,43.5,5.6,21,0,0.14,0.0,0
2024-12-19,49,35,42.0,4.3,23,0,0.00,0.0,0
2024-12-20,38,32,35.0,-2.5,30,0,0.09,T,0
2024-12-21,38,26,32.0,-5.3,33,0,0.00,0.0,0
2024-12-22,33,16,24.5,-12.6,40,0,0.00,0.0,0
2024-12-23,32,17,24.5,-12.4,40,0,0.00,0.0,0
2024-12-24,44,20,32.0,-4.8,33,0,0.02,T,0
2024-12-25,45,32,38.5,1.9,26,0,0.00,0.0,0
2024-12-26,38,30,34.0,-2.4,31,0,0.00,0.0,0
2024-12-27,45,31,38.0,1.8,27,0,T,0.0,0
2024-12-28,49,39,44.0,7.9,21,0,0.63,0.0,0
2024-12-29,65,47,56.0,20.1,9,0,0.18,0.0,0
2024-12-30,62,40,51.0,15.3,14,0,0.00,0.0,0
2024-12-31,59,32,45.5,9.9,19,0,0.22,0.0,0
2025-01-01,51,39,45.0,9.6,20,0,T,0.0,0
2025-01-02,41,29,35.0,-0.3,30,0,0.00,0.0,0
2025-01-03,42,26,34.0,-1.2,31,0,0.03,T,0
2025-01-04,33,22,27.5,-7.5,37,0,0.00,0.0,0
2025-01-05,33,19,26.0,-8.9,39,0,0.00,0.0,0
2025-01-06,31,25,28.0,-6.8,37,0,0.73,6.6,M
2025-01-07,34,20,27.0,-7.7,38,0,0.00,0.0,4
2025-01-08,31,22,26.5,-8.1,38,0,0.00,0.0,2
2025-01-09,31,20,25.5,-9.0,39,0,0.00,0.0,1
2025-01-10,34,19,26.5,-7.9,38,0,0.01,T,1
2025-01-11,35,26,30.5,-3.8,34,0,0.08,1.3,3
2025-01-12,42,22,32.0,-2.2,33,0,0.00,0.0,2
2025-01-13,46,24,35.0,0.9,30,0,0.00,0.0,M
2025-01-14,34,24,29.0,-5.1,36,0,0.00,0.0,M
2025-01-15,31,19,25.0,-9.0,40,0,0.00,0.0,M
2025-01-16,33,12,22.5,-11.5,42,0,T,T,0
2025-01-17,44,22,33.0,-0.9,32,0,0.00,0.0,0
2025-01-18,44,31,37.5,3.6,27,0,0.01,0.0,0
2025-01-19,40,26,33.0,-0.9,32,0,0.23,1.0,M
2025-01-20,28,13,20.5,-13.4,44,0,T,T,1
2025-01-21,20,11,15.5,-18.4,49,0,0.00,0.0,1
2025-01-22,22,10,16.0,-17.9,49,0,0.00,0.0,1
2025-01-23,30,6,18.0,-15.9,47,0,0.00,0.0,T
2025-01-24,38,14,26.0,-7.9,39,0,0.00,0.0,T
2025-01-25,38,13,25.5,-8.4,39,0,0.00,0.0,0
2025-01-26,48,23,35.5,1.5,29,0,0.00,0.0,0
2025-01-27,49,20,34.5,0.5,30,0,0.00,0.0,0
2025-01-28,50,28,39.0,4.9,26,0,0.00,0.0,0
2025-01-29,58,38,48.0,13.8,17,0,0.00,0.0,0
2025-01-30,47,27,37.0,2.8,28,0,0.00,0.0,0
2025-01-31,53,39,46.0,11.7,19,0,0.48,0.0,0
2025-02-01,52,28,40.0,5.6,25,0,T,0.0,0
2025-02-02,35,22,28.5,-6.0,36,0,0.00,0.0,0
2025-02-03,50,25,37.5,2.9,27,0,0.00,0.0,0
2025-02-04,61,35,48.0,13.3,17,0,0.00,0.0,0
2025-02-05,39,33,36.0,1.1,29,0,0.04,0.0,0
2025-02-06,43,32,37.5,2.5,27,0,0.38,T,0
2025-02-07,50,31,40.5,5.4,24,0,0.00,0.0,0
2025-02-08,35,28,31.5,-3.8,33,0,0.05,T,0
2025-02-09,45,32,38.5,3.0,26,0,0.02,0.0,0
2025-02-10,45,33,39.0,3.4,26,0,0.00,0.0,0
2025-02-11,36,27,31.5,-4.3,33,0,0.40,3.8,0
2025-02-12,35,30,32.5,-3.5,32,0,0.23,T,4
2025-02-13,55,33,44.0,7.8,21,0,0.09,0.0,1
2025-02-14,42,29,35.5,-0.9,29,0,0.00,0.0,0
2025-02-15,40,31,35.5,-1.1,29,0,0.42,T,0
2025-02-16,61,36,48.5,11.7,16,0,0.65,0.0,0
2025-02-17,41,29,35.0,-2.0,30,0,0.00,0.0,0
2025-02-18,33,20,26.5,-10.7,38,0,0.00,0.0,0
2025-02-19,26,17,21.5,-15.9,43,0,T,T,0
2025-02-20,30,20,25.0,-12.6,40,0,T,T,0
2025-02-21,39,23,31.0,-6.9,34,0,0.00,0.0,0
2025-02-22,44,16,30.0,-8.1,35,0,0.00,0.0,0
2025-02-23,51,20,35.5,-2.8,29,0,0.00,0.0,0
2025-02-24,58,29,43.5,4.9,21,0,0.00,0.0,0
2025-02-25,66,32,49.0,10.2,16,0,0.00,0.0,0
2025-02-26,66,34,50.0,10.9,15,0,0.00,0.0,0
2025-02-27,62,43,52.5,13.2,12,0,0.03,0.0,0
2025-02-28,55,41,48.0,8.4,17,0,0.00,0.0,0
2025-03-01,66,28,47.0,7.1,18,0,0.00,0.0,0
2025-03-02,39,20,29.5,-10.6,35,0,0.00,0.0,0
2025-03-03,45,22,33.5,-6.9,31,0,0.00,0.0,0
2025-03-04,64,28,46.0,5.3,19,0,0.00,0.0,0
2025-03-05,59,50,54.5,13.6,10,0,1.01,T,0
2025-03-06,53,38,45.5,4.3,19,0,T,0.0,0
2025-03-07,56,34,45.0,3.5,20,0,0.00,0.0,0
2025-03-08,51,35,43.0,1.2,22,0,0.00,0.0,0
2025-03-09,60,28,44.0,1.9,21,0,0.00,0.0,0
2025-03-10,67,38,52.5,10.1,12,0,0.00,0.0,0
2025-03-11,73,33,53.0,10.3,12,0,0.00,0.0,0
2025-03-12,64,42,53.0,10.0,12,0,0.00,0.0,0
2025-03-13,53,42,47.5,4.2,17,0,T,0.0,0
2025-03-14,49,41,45.0,1.4,20,0,0.00,0.0,0
2025-03-15,57,44,50.5,6.6,14,0,T,0.0,0
2025-03-16,71,52,61.5,17.3,3,0,0.19,0.0,0
2025-03-17,59,36,47.5,3.0,17,0,0.10,0.0,0
2025-03-18,68,34,51.0,6.2,14,0,0.00,0.0,0
2025-03-19,72,34,53.0,7.8,12,0,0.00,0.0,0
2025-03-20,72,45,58.5,13.0,6,0,0.79,0.0,0
2025-03-21,57,39,48.0,2.2,17,0,0.00,0.0,0
2025-03-22,67,35,51.0,4.8,14,0,T,0.0,0
2025-03-23,57,33,45.0,-1.5,20,0,T,0.0,0
2025-03-24,58,45,51.5,4.6,13,0,0.12,0.0,0
2025-03-25,64,46,55.0,7.8,10,0,0.00,0.0,0
2025-03-26,54,36,45.0,-2.6,20,0,0.00,0.0,0
2025-03-27,58,30,44.0,-3.9,21,0,0.00,0.0,0
2025-03-28,68,36,52.0,3.7,13,0,T,0.0,0
2025-03-29,85,57,71.0,22.4,0,6,0.00,0.0,M
2025-03-30,83,54,68.5,19.5,0,4,0.00,0.0,M
2025-03-31,86,62,74.0,24.6,0,9,0.92,0.0,M
2025-04-01,62,40,51.0,1.3,14,0,T,0.0,M
2025-04-02,57,39,48.0,-2.1,17,0,0.00,0.0,0
2025-04-03,80,52,66.0,15.5,0,1,0.11,0.0,M
2025-04-04,75,61,68.0,17.1,0,3,0.05,0.0,0
2025-04-05,69,56,62.5,11.3,2,0,T,0.0,0
2025-04-06,61,51,56.0,4.4,9,0,0.02,0.0,0
2025-04-07,52,43,47.5,-4.5,17,0,0.32,0.0,0
2025-04-08,49,35,42.0,-10.4,23,0,0.00,0.0,0
2025-04-09,52,29,40.5,-12.3,24,0,0.00,0.0,0
2025-04-10,57,44,50.5,-2.6,14,0,T,0.0,0
2025-04-11,49,45,47.0,-6.5,18,0,1.20,0.0,0
2025-04-12,52,43,47.5,-6.4,17,0,0.12,0.0,0
2025-04-13,63,44,53.5,-0.7,11,0,0.00,0.0,0
2025-04-14,73,42,57.5,2.9,7,0,0.06,0.0,0
2025-04-15,70,50,60.0,5.0,5,0,T,0.0,0
2025-04-16,61,46,53.5,-1.8,11,0,T,0.0,0
2025-04-17,65,36,50.5,-5.2,14,0,0.00,0.0,0
2025-04-18,75,38,56.5,0.4,8,0,0.00,0.0,0
2025-04-19,83,69,76.0,19.6,0,11,0.00,0.0,M
2025-04-20,75,56,65.5,8.7,0,1,0.00,0.0,M
2025-04-21,72,56,64.0,6.9,1,0,T,0.0,0
2025-04-22,82,56,69.0,11.6,0,4,0.00,0.0,0
2025-04-23,76,47,61.5,3.7,3,0,0.00,0.0,0
2025-04-24,81,48,64.5,6.4,0,0,0.00,0.0,0
2025-04-25,80,48,64.0,5.6,1,0,0.09,0.0,0
2025-04-26,78,49,63.5,4.8,1,0,0.37,0.0,0
2025-04-27,71,48,59.5,0.4,5,0,0.00,0.0,0
2025-04-28,74,42,58.0,-1.4,7,0,0.00,0.0,0
2025-04-29,84,48,66.0,6.3,0,1,0.00,0.0,0
2025-04-30,84,60,72.0,12.0,0,7,T,0.0,0
2025-05-01,83,58,70.5,10.2,0,6,0.00,0.0,0
2025-05-02,88,63,75.5,14.9,0,11,T,0.0,0
2025-05-03,86,62,74.0,13.2,0,9,0.24,0.0,0
2025-05-04,73,63,68.0,6.9,0,3,0.06,0.0,0
2025-05-05,74,64,69.0,7.6,0,4,0.07,0.0,0
2025-05-06,76,61,68.5,6.8,0,4,T,0.0,0
2025-05-07,75,56,65.5,3.5,0,1,T,0.0,M
2025-05-08,80,54,67.0,4.8,0,2,0.02,0.0,0
2025-05-09,64,48,56.0,-6.5,9,0,0.22,0.0,0
2025-05-10,76,46,61.0,-1.8,4,0,0.00,0.0,0
2025-05-11,84,53,68.5,5.5,0,4,0.00,0.0,0
2025-05-12,80,55,67.5,4.2,0,3,T,0.0,0
2025-05-13,68,62,65.0,1.4,0,0,2.28,0.0,0
2025-05-14,69,62,65.5,1.7,0,1,0.66,0.0,0
2025-05-15,79,65,72.0,7.9,0,7,T,0.0,0
2025-05-16,88,65,76.5,12.1,0,12,0.26,0.0,0
2025-05-17,88,65,76.5,11.9,0,12,T,0.0,0
2025-05-18,78,66,72.0,7.1,0,7,0.00,0.0,0
2025-05-19,76,58,67.0,1.8,0,2,0.00,0.0,0
2025-05-20,73,53,63.0,-2.4,2,0,0.00,0.0,0
2025-05-21,63,55,59.0,-6.7,6,0,0.60,0.0,0
2025-05-22,69,54,61.5,-4.5,3,0,0.10,0.0,0
2025-05-23,70,53,61.5,-4.8,3,0,0.00,0.0,0
2025-05-24,72,50,61.0,-5.6,4,0,0.00,0.0,0
2025-05-25,74,48,61.0,-5.9,4,0,0.00,0.0,0
2025-05-26,76,56,66.0,-1.1,0,1,0.00,0.0,0
2025-05-27,72,52,62.0,-5.4,3,0,0.08,0.0,0
2025-05-28,60,53,56.5,-11.2,8,0,1.50,0.0,0
2025-05-29,76,57,66.5,-1.5,0,2,T,0.0,0
2025-05-30,82,60,71.0,2.6,0,6,0.57,0.0,0
2025-05-31,74,52,63.0,-5.7,2,0,0.19,0.0,0
2025-06-01,71,49,60.0,-9.0,5,0,0.00,0.0,0
2025-06-02,76,48,62.0,-7.3,3,0,0.00,0.0,0
2025-06-03,83,53,68.0,-1.6,0,3,0.00,0.0,0
2025-06-04,89,56,72.5,2.5,0,8,0.00,0.0,0
2025-06-05,88,66,77.0,6.7,0,12,0.00,0.0,0
2025-06-06,87,64,75.5,4.9,0,11,0.00,0.0,M
2025-06-07,86,70,78.0,7.1,0,13,0.14,0.0,0
2025-06-08,75,67,71.0,-0.3,0,6,0.04,0.0,0
2025-06-09,84,67,75.5,3.9,0,11,T,0.0,0
2025-06-10,87,71,79.0,7.1,0,14,T,0.0,0
2025-06-11,87,66,76.5,4.3,0,12,0.00,0.0,0
2025-06-12,91,65,78.0,5.4,0,13,0.00,0.0,0
2025-06-13,88,67,77.5,4.6,0,13,0.19,0.0,0
2025-06-14,82,68,75.0,1.8,0,10,0.11,0.0,0
2025-06-15,68,63,65.5,-8.0,0,1,0.13,0.0,0
2025-06-16,67,62,64.5,-9.3,0,0,0.35,0.0,0
2025-06-17,76,66,71.0,-3.1,0,6,0.01,0.0,0
2025-06-18,85,70,77.5,3.1,0,13,0.79,0.0,0
2025-06-19,91,70,80.5,5.8,0,16,0.49,0.0,0
2025-06-20,86,63,74.5,-0.5,0,10,0.00,0.0,0
2025-06-21,90,66,78.0,2.7,0,13,0.00,0.0,0
2025-06-22,93,75,84.0,8.4,0,19,0.00,0.0,0
2025-06-23,97,76,86.5,10.7,0,22,0.00,0.0,0
2025-06-24,98,78,88.0,11.9,0,23,0.00,0.0,0
2025-06-25,99,76,87.5,11.2,0,23,T,0.0,0
2025-06-26,97,73,85.0,8.5,0,20,0.57,0.0,0
2025-06-27,74,66,70.0,-6.8,0,5,0.02,0.0,0
2025-06-28,89,68,78.5,1.5,0,14,0.02,0.0,0
2025-06-29,93,72,82.5,5.3,0,18,T,0.0,0
2025-06-30,94,75,84.5,7.2,0,20,0.00,0.0,0
2025-07-01,91,74,82.5,5.0,0,18,1.02,0.0,0
2025-07-02,88,70,79.0,1.3,0,14,0.02,0.0,0
2025-07-03,90,70,80.0,2.2,0,15,0.00,0.0,0
2025-07-04,86,63,74.5,-3.4,0,10,0.00,0.0,0
2025-07-05,87,63,75.0,-3.1,0,10,0.00,0.0,0
2025-07-06,89,64,76.5,-1.7,0,12,0.00,0.0,0
2025-07-07,89,75,82.0,3.7,0,17,0.05,0.0,0
2025-07-08,96,75,85.5,7.2,0,21,0.37,0.0,0
2025-07-09,90,72,81.0,2.6,0,16,0.34,0.0,0
2025-07-10,86,73,79.5,1.0,0,15,T,0.0,0
2025-07-11,89,71,80.0,1.5,0,15,0.00,0.0,0
2025-07-12,90,73,81.5,2.9,0,17,0.00,0.0,0
2025-07-13,86,76,81.0,2.4,0,16,0.19,0.0,0
2025-07-14,89,72,80.5,1.9,0,16,1.95,0.0,0
2025-07-15,89,72,80.5,1.9,0,16,0.00,0.0,0
2025-07-16,89,73,81.0,2.4,0,16,0.78,0.0,0
2025-07-17,95,73,84.0,5.4,0,19,0.00,0.0,0
2025-07-18,85,77,81.0,2.4,0,16,T,0.0,0
2025-07-19,86,74,80.0,1.5,0,15,0.32,0.0,0
2025-07-20,90,73,81.5,3.0,0,17,T,0.0,0
2025-07-21,86,67,76.5,-1.9,0,12,0.00,0.0,0
2025-07-22,85,67,76.0,-2.4,0,11,0.00,0.0,0
2025-07-23,86,71,78.5,0.2,0,14,0.00,0.0,0
2025-07-24,89,69,79.0,0.7,0,14,0.00,0.0,0
2025-07-25,96,73,84.5,6.3,0,20,0.10,0.0,0
2025-07-26,90,74,82.0,3.8,0,17,0.00,0.0,0
2025-07-27,91,76,83.5,5.4,0,19,0.55,0.0,0
2025-07-28,93,74,83.5,5.5,0,19,0.00,0.0,0
2025-07-29,95,72,83.5,5.6,0,19,0.00,0.0,0
2025-07-30,94,75,84.5,6.6,0,20,0.00,0.0,0
2025-07-31,91,72,81.5,3.7,0,17,0.29,0.0,0
2025-08-01,74,66,70.0,-7.7,0,5,0.01,0.0,0
2025-08-02,80,62,71.0,-6.6,0,6,0.00,0.0,0
2025-08-03,81,58,69.5,-8.0,0,5,0.00,0.0,0
2025-08-04,85,59,72.0,-5.4,0,7,0.00,0.0,0
2025-08-05,82,65,73.5,-3.9,0,9,0.00,0.0,0
2025-08-06,78,71,74.5,-2.8,0,10,0.00,0.0,0
2025-08-07,81,66,73.5,-3.7,0,9,0.00,0.0,0
2025-08-08,81,65,73.0,-4.1,0,8,0.00,0.0,0
2025-08-09,82,60,71.0,-6.0,0,6,0.00,0.0,0
2025-08-10,85,57,71.0,-5.9,0,6,0.00,0.0,0
2025-08-11,86,63,74.5,-2.3,0,10,0.00,0.0,0
2025-08-12,91,71,81.0,4.3,0,16,0.00,0.0,0
2025-08-13,89,74,81.5,4.9,0,17,1.06,0.0,0
2025-08-14,90,73,81.5,5.0,0,17,0.85,0.0,0
2025-08-15,91,72,81.5,5.1,0,17,0.00,0.0,0
2025-08-16,89,74,81.5,5.2,0,17,0.00,0.0,0
2025-08-17,94,72,83.0,6.8,0,18,0.01,0.0,0
2025-08-18,76,67,71.5,-4.6,0,7,0.02,0.0,0
2025-08-19,75,65,70.0,-6.0,0,5,0.02,0.0,0
2025-08-20,79,67,73.0,-2.8,0,8,0.10,0.0,0
2025-08-21,72,64,68.0,-7.7,0,3,T,0.0,0
2025-08-22,82,62,72.0,-3.6,0,7,0.00,0.0,0
2025-08-23,82,58,70.0,-5.4,0,5,0.00,0.0,0
2025-08-24,83,66,74.5,-0.8,0,10,0.00,0.0,0
2025-08-25,84,64,74.0,-1.1,0,9,0.00,0.0,0
2025-08-26,80,55,67.5,-7.5,0,3,T,0.0,0
2025-08-27,78,56,67.0,-7.8,0,2,0.00,0.0,0
2025-08-28,81,54,67.5,-7.1,0,3,0.00,0.0,0
2025-08-29,80,58,69.0,-5.4,0,4,0.00,0.0,0
2025-08-30,76,50,63.0,-11.2,2,0,0.00,0.0,0
2025-08-31,78,51,64.5,-9.5,0,0,0.00,0.0,0
2025-09-01,80,52,66.0,-7.8,0,1,0.00,0.0,0
2025-09-02,78,54,66.0,-7.6,0,1,0.00,0.0,0
2025-09-03,81,54,67.5,-5.8,0,3,0.00,0.0,0
2025-09-04,86,62,74.0,0.9,0,9,0.01,0.0,0
2025-09-05,89,63,76.0,3.2,0,11,0.00,0.0,0
2025-09-06,91,64,77.5,4.9,0,13,0.74,0.0,0
2025-09-07,77,56,66.5,-5.8,0,2,0.53,0.0,0
2025-09-08,74,49,61.5,-10.5,3,0,0.00,0.0,0
2025-09-09,75,51,63.0,-8.7,2,0,0.00,0.0,0
2025-09-10,70,61,65.5,-5.9,0,1,0.12,0.0,0
2025-09-11,78,60,69.0,-2.1,0,4,0.38,0.0,0
2025-09-12,80,59,69.5,-1.2,0,5,0.00,0.0,0
2025-09-13,83,55,69.0,-1.4,0,4,0.00,0.0,0
2025-09-14,83,63,73.0,2.9,0,8,0.00,0.0,0
2025-09-15,80,62,71.0,1.3,0,6,0.00,0.0,0
2025-09-16,70,60,65.0,-4.3,0,0,0.48,0.0,0
2025-09-17,68,60,64.0,-5.0,1,0,0.30,0.0,0
2025-09-18,84,64,74.0,5.4,0,9,0.01,0.0,0
2025-09-19,88,59,73.5,5.3,0,9,0.00,0.0,0
2025-09-20,75,67,71.0,3.2,0,6,0.00,0.0,0
2025-09-21,72,63,67.5,0.1,0,3,0.00,0.0,0
2025-09-22,78,56,67.0,0.0,0,2,0.00,0.0,0
2025-09-23,84,62,73.0,6.4,0,8,0.05,0.0,0
2025-09-24,77,65,71.0,4.8,0,6,0.14,0.0,0
2025-09-25,82,69,75.5,9.7,0,11,0.35,0.0,0
2025-09-26,83,66,74.5,9.1,0,10,0.00,0.0,0
2025-09-27,79,65,72.0,7.0,0,7,0.04,0.0,0
2025-09-28,84,64,74.0,9.4,0,9,0.00,0.0,0
2025-09-29,78,62,70.0,5.8,0,5,T,0.0,0
2025-09-30,78,66,72.0,8.3,0,7,T,0.0,0
2025-10-01,73,52,62.5,-0.8,2,0,0.00,0.0,0
2025-10-02,70,48,59.0,-3.9,6,0,0.00,0.0,0
2025-10-03,72,48,60.0,-2.5,5,0,0.00,0.0,0
2025-10-04,79,48,63.5,1.4,1,0,0.00,0.0,0
2025-10-05,81,50,65.5,3.8,0,1,0.00,0.0,0
2025-10-06,82,53,67.5,6.3,0,3,0.00,0.0,0
2025-10-07,81,59,70.0,9.2,0,5,0.01,0.0,0
2025-10-08,71,51,61.0,0.6,4,0,0.12,0.0,0
2025-10-09,64,46,55.0,-5.0,10,0,0.00,0.0,0
2025-10-10,65,44,54.5,-5.1,10,0,0.00,0.0,0
2025-10-11,70,45,57.5,-1.7,7,0,0.01,0.0,0
2025-10-12,66,58,62.0,3.2,3,0,0.02,0.0,0
2025-10-13,61,55,58.0,-0.4,7,0,0.17,0.0,0
2025-10-14,67,52,59.5,1.5,5,0,0.11,0.0,0
2025-10-15,73,49,61.0,3.4,4,0,0.00,0.0,0
2025-10-16,64,42,53.0,-4.3,12,0,0.00,0.0,0
2025-10-17,66,38,52.0,-4.9,13,0,0.00,0.0,0
2025-10-18,71,44,57.5,1.0,7,0,0.00,0.0,0
2025-10-19,76,48,62.0,5.9,3,0,0.21,0.0,0
2025-10-20,66,43,54.5,-1.3,10,0,0.04,0.0,0
2025-10-21,73,40,56.5,1.1,8,0,0.02,0.0,0
2025-10-22,66,47,56.5,1.4,8,0,0.01,0.0,0
2025-10-23,64,43,53.5,-1.2,11,0,0.00,0.0,0
2025-10-24,60,35,47.5,-6.8,17,0,0.00,0.0,0
2025-10-25,59,36,47.5,-6.5,17,0,0.00,0.0,0
2025-10-26,62,36,49.0,-4.6,16,0,0.00,0.0,0
2025-10-27,61,36,48.5,-4.8,16,0,0.00,0.0,0
2025-10-28,57,45,51.0,-1.9,14,0,T,0.0,0
2025-10-29,59,49,54.0,1.4,11,0,0.10,0.0,0
2025-10-30,68,48,58.0,5.7,7,0,1.93,M,M
2025-10-31,62,50,56.0,4.1,9,0,0.00,0.0,M
2025-11-01,64,40,52.0,0.4,13,0,0.00,0.0,M
2025-11-02,65,37,51.0,-0.2,14,0,0.00,0.0,M
2025-11-03,66,45,55.5,4.6,9,0,T,0.0,0
2025-11-04,63,42,52.5,1.9,12,0,0.00,0.0,0
2025-11-05,71,36,53.5,3.2,11,0,0.00,0.0,0
2025-11-06,59,36,47.5,-2.4,17,0,0.00,0.0,0
2025-11-07,63,30,46.5,-3.1,18,0,0.07,0.0,0
2025-11-08,70,47,58.5,9.2,6,0,0.24,0.0,0
2025-11-09,64,43,53.5,4.6,11,0,0.07,0.0,0
2025-11-10,53,34,43.5,-5.1,21,0,0.02,0.0,0
2025-11-11,45,30,37.5,-10.8,27,0,0.00,0.0,0
2025-11-12,59,36,47.5,-0.5,17,0,0.00,0.0,0
2025-11-13,57,33,45.0,-2.6,20,0,0.00,0.0,0
2025-11-14,56,30,43.0,-4.3,22,0,0.00,0.0,0
2025-11-15,65,43,54.0,7.0,11,0,T,0.0,0
2025-11-16,65,41,53.0,6.3,12,0,T,0.0,0
2025-11-17,50,30,40.0,-6.4,25,0,0.00,0.0,0
2025-11-18,49,29,39.0,-7.1,26,0,0.30,0.0,0
2025-11-19,48,41,44.5,-1.2,20,0,0.15,0.0,0
2025-11-20,47,37,42.0,-3.4,23,0,0.00,0.0,0
2025-11-21,59,44,51.5,6.4,13,0,0.05,0.0,0
2025-11-22,57,36,46.5,1.7,18,0,0.22,0.0,0
2025-11-23,62,31,46.5,2.0,18,0,0.00,0.0,0
2025-11-24,59,33,46.0,1.8,19,0,0.00,0.0,0
2025-11-25,55,38,46.5,2.6,18,0,0.31,0.0,0
2025-11-26,69,46,57.5,13.9,7,0,0.01,0.0,0
2025-11-27,46,33,39.5,-3.8,25,0,0.00,0.0,0
2025-11-28,42,31,36.5,-6.5,28,0,0.00,0.0,0
2025-11-29,43,25,34.0,-8.7,31,0,0.00,0.0,0
2025-11-30,41,36,38.5,-3.9,26,0,0.06,T,M
2025-12-01,45,26,35.5,-6.7,29,0,0.00,0.0,0
2025-12-02,40,27,33.5,-8.4,31,0,0.84,0.0,0
2025-12-03,44,26,35.0,-6.6,30,0,0.00,0.0,0
2025-12-04,45,24,34.5,-6.8,30,0,0.00,0.0,0
2025-12-05,32,25,28.5,-12.6,36,0,0.04,1.0,T
2025-12-06,45,29,37.0,-3.8,28,0,0.01,T,T
2025-12-07,45,24,34.5,-6.0,30,0,0.00,0.0,0
2025-12-08,35,24,29.5,-10.8,35,0,0.00,0.0,0
2025-12-09,32,14,23.0,-17.0,42,0,0.00,0.0,0
2025-12-10,45,30,37.5,-2.3,27,0,T,0.0,0
2025-12-11,42,29,35.5,-4.0,29,0,0.00,0.0,M
2025-12-12,37,21,29.0,-10.3,36,0,0.00,0.0,0
2025-12-13,42,20,31.0,-8.1,34,0,0.00,0.0,0
2025-12-14,36,16,26.0,-12.8,39,0,0.27,1.0,1
2025-12-15,26,16,21.0,-17.6,44,0,0.00,0.0,1
2025-12-16,36,14,25.0,-13.4,40,0,0.00,0.0,1
2025-12-17,49,21,35.0,-3.2,30,0,0.00,0.0,1
2025-12-18,53,25,39.0,1.1,26,0,0.04,0.0,0
2025-12-19,60,33,46.5,8.8,18,0,0.22,0.0,0
2025-12-20,44,23,33.5,-4.0,31,0,0.00,0.0,0
2025-12-21,48,27,37.5,0.2,27,0,0.00,0.0,0
2025-12-22,46,18,32.0,-5.1,33,0,0.00,0.0,0
2025-12-23,43,38,40.5,3.6,24,0,0.02,T,0
2025-12-24,54,32,43.0,6.2,22,0,0.00,0.0,0
2025-12-25,57,31,44.0,7.4,21,0,T,0.0,0
2025-12-26,37,30,33.5,-2.9,31,0,0.01,T,0
2025-12-27,40,34,37.0,0.8,28,0,0.00,0.0,0
2025-12-28,44,33,38.5,2.4,26,0,T,0.0,0
2025-12-29,57,31,44.0,8.1,21,0,0.01,0.0,0
2025-12-30,36,25,30.5,-5.2,34,0,0.00,0.0,0
2025-12-31,36,25,30.5,-5.1,34,0,T,T,0
