Date,Close,Volume,Open,High,Low
02/07/2025,17.48,5877474,17.77,17.9499,17.41
02/06/2025,17.89,7056320,17.49,18.12,17.4401
02/05/2025,17.80,5663599,16.94,17.82,16.93
02/04/2025,17.07,5692353,16.73,17.51,16.73
02/03/2025,17.64,9247611,17.44,17.98,17.382
01/31/2025,16.19,5329717,15.97,16.25,15.86
01/30/2025,16.14,7689113,16.49,16.70,16.025
01/29/2025,16.76,5628510,16.71,16.855,16.35
01/28/2025,16.29,7570397,16.59,16.845,16.28
01/27/2025,17.15,7871579,17.22,17.26,16.77
01/24/2025,18.12,6331628,17.85,18.31,17.64
01/23/2025,18.25,10105600,18.73,18.899,17.98
01/22/2025,18.54,7320741,17.86,18.60,17.7901
01/21/2025,17.73,9103495,17.99,18.09,17.575
01/17/2025,18.34,9260476,18.50,18.92,18.28
01/16/2025,19.94,16418320,19.09,20.0299,18.685
01/15/2025,19.12,13993080,18.73,19.185,18.42
01/14/2025,18.47,12135910,17.73,18.83,17.72
01/13/2025,18.22,14321670,18.47,18.75,17.86
01/10/2025,18.42,14921780,18.26,18.64,17.995
01/08/2025,17.11,13468150,16.60,17.135,16.48
01/07/2025,15.99,16343210,16.62,16.72,15.915
01/06/2025,17.16,16600110,17.01,17.255,16.495
01/03/2025,15.59,16484520,16.18,16.25,15.46
01/02/2025,17.01,14092920,17.23,17.62,16.86
12/31/2024,16.81,15119390,17.15,17.50,16.60
12/30/2024,18.03,30104430,18.63,19.48,17.69
12/27/2024,15.76,11302850,15.74,15.89,15.29
12/26/2024,15.37,10923510,15.34,15.42,15.09
12/24/2024,16.14,4116728,16.00,16.21,15.96
12/23/2024,15.63,7477606,15.67,15.73,15.24
12/20/2024,15.87,11632630,15.31,16.015,15.13
12/19/2024,15.40,9531347,14.85,15.435,14.7918
12/18/2024,14.54,6517339,14.49,14.70,14.30
12/17/2024,14.46,7641137,13.62,14.475,13.405
12/16/2024,13.95,5668406,13.84,14.0702,13.80
12/13/2024,14.23,7033007,14.57,14.60,14.155
12/12/2024,15.04,13176060,14.71,15.4195,14.49
12/11/2024,14.56,10133060,14.28,14.7448,14.28
12/10/2024,13.81,6877249,13.38,13.83,13.31
12/09/2024,13.77,6923590,13.76,13.955,13.59
12/06/2024,13.37,4222435,13.22,13.44,13.1501
12/05/2024,13.32,6637648,13.42,13.6552,13.20
12/04/2024,13.26,8384474,13.15,13.35,12.90
12/03/2024,13.21,9443950,13.60,13.60,13.13
12/02/2024,13.88,9656721,13.97,14.20,13.765
11/29/2024,14.43,4681747,14.35,14.645,14.2401
11/27/2024,13.81,9146968,14.05,14.18,13.81
11/26/2024,15.08,10170070,15.01,15.27,14.67
11/25/2024,14.79,11781630,14.98,15.4399,14.7206
11/22/2024,14.31,14878990,14.29,14.42,14.07
11/21/2024,15.15,11904810,15.39,15.52,14.81
11/20/2024,14.75,13846270,14.35,14.82,14.24
11/19/2024,13.87,8884403,13.79,14.18,13.705
11/18/2024,13.75,8381096,13.48,13.82,13.475
11/15/2024,13.37,7318165,13.10,13.42,13.0732
11/14/2024,13.15,8651354,13.79,13.9015,13.12
11/13/2024,14.11,9264042,13.49,14.14,13.43
11/12/2024,13.66,9680426,13.66,14.1385,13.4299
11/11/2024,13.80,13101920,13.68,13.88,13.56
11/08/2024,12.53,6011471,12.75,12.89,12.4102
11/07/2024,12.66,7980957,12.62,12.76,12.48
11/06/2024,12.87,7324749,12.79,13.115,12.68
11/05/2024,12.53,8676378,13.10,13.13,12.4427
11/04/2024,13.06,10459420,12.58,13.105,12.53
11/01/2024,12.48,7921995,12.72,12.7767,12.35
10/31/2024,12.71,12949420,12.97,13.07,12.61
10/30/2024,13.23,7399740,13.11,13.4393,13.05
10/29/2024,13.41,6109153,13.44,13.5497,13.2401
10/28/2024,13.34,11750290,13.43,13.5499,13.14
10/25/2024,14.45,6217889,14.10,14.535,14.02
10/24/2024,14.32,8660836,13.89,14.35,13.61
10/23/2024,13.82,7599923,13.51,13.965,13.395
10/22/2024,13.50,8756964,13.28,13.68,13.26
10/21/2024,13.25,6271564,13.12,13.275,13.09
10/18/2024,13.03,6993886,13.10,13.126,12.95
10/17/2024,13.31,5290686,13.55,13.649,13.2657
10/16/2024,13.44,8522250,13.77,13.79,13.3475
10/15/2024,14.01,4195181,14.22,14.355,13.9938
10/14/2024,13.99,5819824,14.35,14.41,13.98
10/11/2024,14.80,3820168,14.97,15.025,14.72
10/10/2024,15.13,5696499,14.74,15.185,14.63
10/09/2024,14.86,5305482,15.18,15.32,14.82
10/08/2024,15.25,4643188,15.43,15.60,15.23
10/07/2024,15.38,5846822,15.66,15.6701,15.22
10/04/2024,15.94,6125164,16.33,16.435,15.93
10/03/2024,16.68,5628926,16.64,16.80,16.475
10/02/2024,16.41,6496255,16.63,16.76,16.14
10/01/2024,16.37,6976805,16.25,16.53,16.05
09/30/2024,16.33,4405033,16.24,16.5742,16.21
09/27/2024,16.37,9982011,15.89,16.45,15.84
09/26/2024,15.47,7273373,16.01,16.035,15.345
09/25/2024,15.85,5305735,16.02,16.09,15.71
09/24/2024,15.81,5523810,15.88,16.08,15.605
09/23/2024,16.09,8030457,15.57,16.10,15.53
09/20/2024,15.34,6978556,14.57,15.40,14.51
09/19/2024,14.61,5843323,14.21,14.6199,14.08
09/18/2024,14.44,3834659,14.81,14.8195,14.375
09/17/2024,14.64,3924967,15.09,15.165,14.62
09/16/2024,14.86,4081766,14.36,14.985,14.33
09/13/2024,14.49,4517534,14.93,15.00,14.44
09/12/2024,14.83,5360459,14.09,15.03,14.04
09/11/2024,14.25,5735075,14.28,14.5958,14.16
09/10/2024,14.07,5551897,14.03,14.16,13.7901
09/09/2024,13.48,6567861,13.89,13.91,13.45
09/06/2024,14.32,4634085,14.21,14.37,14.02
09/05/2024,14.18,8653491,13.81,14.34,13.80
09/04/2024,13.46,4529403,14.02,14.0699,13.385
09/03/2024,13.89,7417936,13.21,13.96,13.03
08/30/2024,13.37,7076525,13.33,13.52,13.14
08/29/2024,13.43,8137712,12.75,13.47,12.71
08/28/2024,13.20,9308813,12.87,13.4144,12.755
08/27/2024,13.08,7738489,13.131,13.165,12.835
08/26/2024,13.33,7942522,13.54,13.705,13.26
08/23/2024,13.72,4328604,13.54,13.7351,13.53
08/22/2024,13.81,9987347,14.13,14.20,13.58
08/21/2024,14.56,4043988,14.59,14.695,14.245
08/20/2024,14.65,3978899,14.55,14.6756,14.43
08/19/2024,14.69,4987679,14.48,14.85,14.48
08/16/2024,14.07,4797425,14.33,14.415,14.01
08/15/2024,14.57,5999116,14.80,15.22,14.53
08/14/2024,14.74,6560889,14.73,15.07,14.565
08/13/2024,14.33,4345969,14.75,14.825,14.145
08/12/2024,14.40,5573246,14.61,14.74,14.27
08/09/2024,14.28,3717831,14.22,14.35,13.94
08/08/2024,14.18,7151119,13.57,14.42,13.4332
08/07/2024,13.86,4903298,13.78,14.0227,13.63
08/06/2024,13.32,5636067,13.29,13.445,12.973
08/05/2024,12.94,7359049,12.86,13.055,12.575
08/02/2024,13.05,6404980,13.31,13.38,12.71
08/01/2024,13.09,10103490,13.97,14.06,13.01
07/31/2024,13.54,7292117,13.63,13.8001,13.3899
07/30/2024,14.01,5705053,13.26,14.115,13.2247
07/29/2024,13.59,9352017,13.51,13.68,13.23
07/26/2024,13.51,8509671,13.68,13.785,13.49
07/25/2024,13.75,8785424,14.01,14.17,13.65
07/24/2024,14.31,4630314,14.29,14.565,14.23
07/23/2024,14.86,3823996,14.89,14.95,14.6201
07/22/2024,15.01,6541812,14.75,15.205,14.74
07/19/2024,14.30,3667729,14.08,14.39,13.95
07/18/2024,14.11,6383253,13.92,14.35,13.8901
07/17/2024,13.74,10479300,14.23,14.25,13.58
07/16/2024,14.61,4602600,14.65,14.84,14.51
07/15/2024,14.48,8596803,14.85,15.028,14.3901
07/12/2024,15.50,4567879,15.21,15.73,15.1901
07/11/2024,15.22,4023920,15.32,15.415,15.14
07/10/2024,15.51,4097422,15.65,15.74,15.3434
07/09/2024,15.73,3852023,16.16,16.21,15.66
07/08/2024,15.86,3377375,15.83,15.965,15.69
07/05/2024,15.60,4583824,15.96,16.09,15.50
07/03/2024,16.35,3486787,16.25,16.58,16.12
07/02/2024,16.41,5401957,16.35,16.43,16.15
07/01/2024,16.57,4955638,17.08,17.215,16.5443
06/28/2024,17.43,5357809,17.92,17.99,17.34
06/27/2024,17.98,5931793,18.13,18.46,17.87
06/26/2024,18.31,4092304,18.79,18.79,18.26
06/25/2024,18.99,3620137,19.17,19.49,18.92
06/24/2024,19.70,3462669,18.96,19.73,18.92
06/21/2024,18.96,3505818,19.11,19.2899,18.88
06/20/2024,19.03,4698094,19.45,19.465,18.93
06/18/2024,19.94,4244717,19.23,20.01,19.23
06/17/2024,19.16,4276117,19.31,19.37,18.955
06/14/2024,19.86,3853747,20.18,20.37,19.71
06/13/2024,20.11,5317910,20.60,20.72,19.89
06/12/2024,20.83,5717964,21.02,21.39,20.53
06/11/2024,21.53,7231556,20.82,21.56,20.585
06/10/2024,20.19,12210500,20.91,21.16,19.62
06/07/2024,20.18,11183840,19.44,20.3254,19.33
06/06/2024,19.30,8101310,19.47,19.70,18.76
06/05/2024,18.94,7359192,18.20,19.0899,18.15
06/04/2024,18.02,9818105,18.65,18.84,17.63
06/03/2024,18.92,8803528,18.71,18.995,18.00
05/31/2024,17.59,9163603,17.74,17.96,17.39
05/30/2024,17.56,6480293,17.79,18.00,17.54
05/29/2024,18.22,6800033,18.87,18.88,18.18
05/28/2024,19.36,5036406,18.91,19.4665,18.773
05/24/2024,19.02,7827125,19.62,19.62,18.92
05/23/2024,20.12,19459520,21.43,21.61,19.81
05/22/2024,20.55,11201560,19.60,20.91,19.50
05/21/2024,19.49,7278543,19.57,19.9009,19.16
05/20/2024,19.82,9304681,19.26,19.865,19.26
05/17/2024,19.10,7106200,18.58,19.19,18.58
05/16/2024,18.17,12255230,18.04,18.755,17.89
05/15/2024,17.60,7566758,17.09,17.73,16.93
05/14/2024,17.17,6484441,17.10,17.53,17.00
05/13/2024,17.31,6564782,16.68,17.44,16.6699
05/10/2024,16.52,4684704,16.70,16.815,16.455
05/09/2024,16.92,8773208,16.26,16.94,16.23
05/08/2024,15.95,5676050,16.34,16.381,15.85
05/07/2024,16.17,5054830,16.01,16.2501,15.91
05/06/2024,16.06,8740802,16.17,16.53,15.99
05/03/2024,15.67,11410280,15.07,15.7847,14.8731
05/02/2024,14.86,7709392,14.44,14.975,14.40
05/01/2024,14.14,7019894,14.19,14.26,13.98
04/30/2024,14.44,7738315,14.97,14.99,14.31
04/29/2024,14.91,10053740,14.309,14.9682,14.292
04/26/2024,14.06,7256948,14.13,14.24,13.95
04/25/2024,14.37,5896823,14.27,14.5442,14.11
04/24/2024,14.36,8950974,14.90,14.94,14.3173
04/23/2024,15.44,5497055,14.94,15.50,14.93
04/22/2024,15.04,6189361,14.89,15.09,14.78
04/19/2024,14.52,6256852,14.71,14.80,14.38
04/18/2024,14.42,7205227,14.47,14.60,14.34
04/17/2024,14.38,5735419,14.16,14.395,13.98
04/16/2024,14.48,13329070,14.15,15.00,13.865
04/15/2024,14.14,9363011,14.41,14.585,14.073
04/12/2024,14.89,4676385,14.68,14.895,14.62
04/11/2024,14.85,9391960,15.37,15.39,14.695
04/10/2024,15.67,5986002,15.98,16.04,15.63
04/09/2024,15.85,7835751,15.86,16.085,15.43
04/08/2024,15.41,5459266,15.10,15.47,15.045
04/05/2024,14.87,5235932,14.91,15.245,14.82
04/04/2024,14.90,8334318,15.39,15.405,14.80
04/03/2024,15.46,5600097,15.86,15.86,15.35
04/02/2024,15.48,5999172,15.11,15.725,15.06
04/01/2024,15.39,8293010,15.27,15.49,15.07
03/28/2024,14.57,8144457,14.57,14.92,14.365
03/27/2024,14.35,7758726,14.45,14.50,14.25
03/26/2024,14.96,5762270,15.09,15.145,14.84
03/25/2024,15.04,4823059,14.99,15.1999,14.89
03/22/2024,15.11,3657068,15.01,15.228,14.98
03/21/2024,15.32,5399757,15.32,15.3801,15.03
03/20/2024,15.37,4423066,15.35,15.53,15.31
03/19/2024,15.64,4416397,15.60,15.77,15.3801
03/18/2024,15.34,5285905,15.50,15.57,15.04
03/15/2024,15.13,6186040,15.41,15.435,14.875
03/14/2024,15.57,6018113,15.00,15.776,14.95
03/13/2024,14.91,6425999,14.89,15.20,14.83
03/12/2024,15.31,6887731,16.06,16.08,15.14
03/11/2024,15.69,4374471,15.95,15.955,15.675
03/08/2024,16.13,4150226,16.13,16.431,16.01
03/07/2024,16.03,6188898,17.00,17.29,16.00
03/06/2024,17.29,3053055,17.61,17.6203,17.19
03/05/2024,17.51,5365961,17.21,17.9555,16.96
03/04/2024,17.30,9923390,17.36,17.77,17.015
03/01/2024,16.42,3665962,16.34,16.6022,16.27
02/29/2024,16.54,6082784,16.595,17.1366,16.48
02/28/2024,16.73,8935881,16.53,17.0299,16.48
02/27/2024,16.17,7298720,16.17,16.425,15.83
02/26/2024,15.62,10521090,16.16,16.18,15.3307
02/23/2024,15.21,10024540,15.58,15.60,15.1123
02/22/2024,16.28,8454084,16.16,16.47,15.66
02/21/2024,16.62,12029350,16.51,16.69,16.0801
02/20/2024,14.77,8088508,14.71,14.9283,14.56
02/16/2024,14.99,6755869,14.85,15.23,14.824
02/15/2024,14.81,11075190,15.07,15.17,14.63
02/14/2024,14.89,11068090,15.29,15.4874,14.78
02/13/2024,15.52,11384170,15.62,15.735,15.34
02/12/2024,16.17,10455520,17.06,17.26,16.06
02/09/2024,17.15,6839645,17.41,17.46,16.94
02/08/2024,17.42,9906729,18.06,18.15,17.30
02/07/2024,18.24,4740442,18.68,18.70,18.12
02/06/2024,18.54,5555181,18.75,18.96,18.50
02/05/2024,19.25,4360728,19.22,19.46,19.01
02/02/2024,19.36,6514331,19.15,19.445,19.04
02/01/2024,18.91,5781520,19.42,19.64,18.84
01/31/2024,19.63,6201982,19.50,19.9699,19.38
01/30/2024,19.40,5834672,19.37,19.61,19.055
01/29/2024,19.13,5795181,19.57,19.62,18.955
01/26/2024,20.14,8125707,19.95,20.23,19.3701
01/25/2024,20.10,8717853,21.08,21.12,19.9601
01/24/2024,21.06,14022530,20.66,21.14,20.35
01/23/2024,20.12,2500000,19.44,20.20,19.40
01/22/2024,19.68,6373055,19.68,20.00,19.56
01/19/2024,20.80,6796090,21.56,21.60,20.76
01/18/2024,22.24,9471080,23.00,23.00,21.96
01/17/2024,23.28,4653523,23.04,23.96,22.76
01/16/2024,23.12,10722650,23.96,24.35,23.08
01/12/2024,27.28,17415325,27.08,27.36,25.96
01/11/2024,25.16,13421130,24.56,26.20,24.12
01/10/2024,24.60,12598428,24.80,25.22,23.9604
01/09/2024,25.92,21309090,25.56,27.48,24.60
01/08/2024,24.04,9126158,22.24,24.40,22.00
01/05/2024,23.36,8500310,21.924,23.52,21.88
01/04/2024,23.08,11130103,22.88,23.20,22.20
01/03/2024,21.76,6721218,21.68,22.04,21.28
01/02/2024,20.76,4600870,20.96,21.04,20.44
12/29/2023,20.28,3644280,20.40,20.72,20.16
12/28/2023,20.56,5608535,20.40,20.84,20.3092
12/27/2023,19.80,5584225,20.40,20.80,19.68
12/26/2023,19.72,5146395,19.56,19.76,19.32
12/22/2023,20.16,3390703,19.60,20.24,19.56
12/21/2023,19.96,5622958,19.36,20.16,19.14
12/20/2023,18.80,4446380,19.28,19.48,18.72
12/19/2023,19.60,5454595,18.84,19.68,18.52
12/18/2023,19.56,4911858,20.20,20.24,19.50
12/15/2023,19.32,6457753,19.40,19.96,19.16
12/14/2023,19.04,5652848,18.56,19.08,18.36
12/13/2023,18.40,5763598,18.08,18.80,18.04
12/12/2023,18.08,6672620,18.596,18.88,18.00
12/11/2023,19.24,10165058,18.36,19.3196,18.12
12/08/2023,20.08,3927753,20.32,20.56,20.00
12/07/2023,20.28,5495655,20.20,20.68,19.88
12/06/2023,20.24,8085705,21.40,21.48,20.04
12/05/2023,21.36,3711633,21.88,21.96,21.08
12/04/2023,21.36,5489580,21.12,21.40,20.88
12/01/2023,21.80,3702808,21.80,22.40,21.7204
11/30/2023,22.08,4460965,22.28,22.40,21.76
11/29/2023,22.04,5735955,22.52,22.60,22.00
11/28/2023,22.08,8394668,22.80,23.16,22.00
11/27/2023,23.20,4348000,23.00,23.24,22.72
11/24/2023,23.64,2641795,23.36,23.88,23.24
11/22/2023,23.92,3746710,23.56,24.04,23.32
11/21/2023,23.56,4155420,23.80,24.20,23.48
11/20/2023,23.96,4505618,24.00,24.40,23.96
11/17/2023,24.64,7392473,24.56,24.72,24.16
11/16/2023,25.48,6122453,26.28,26.48,25.20
11/15/2023,26.24,4995368,26.52,27.18,26.20
11/14/2023,25.84,5518078,26.24,26.68,25.72
11/13/2023,26.88,5731040,26.32,27.04,26.04
11/10/2023,25.32,3656203,25.40,25.436,25.16
11/09/2023,25.36,6067540,25.68,25.7596,25.20
11/08/2023,26.16,7214610,25.84,26.46,25.44
11/07/2023,26.44,6042550,25.94,26.5596,25.88
11/06/2023,27.28,5901560,27.68,27.84,27.04
11/03/2023,29.04,2292267,29.12,29.76,29.00
11/02/2023,29.16,3185545,28.56,29.20,28.40
11/01/2023,29.08,4012685,28.66,29.60,28.52
10/31/2023,30.00,5871485,29.02,30.20,28.96
10/30/2023,27.80,3245710,27.80,28.12,27.68
10/27/2023,28.80,5012355,29.68,29.76,28.72
10/26/2023,29.24,6092195,28.28,29.4532,28.12
10/25/2023,28.28,3165205,28.00,28.32,27.68
10/24/2023,27.84,2866948,27.20,27.84,27.04
10/23/2023,27.24,3044750,27.08,27.40,26.96
10/20/2023,27.12,4099478,27.12,27.32,27.00
10/19/2023,27.64,4897793,28.60,28.72,27.60
10/18/2023,28.72,2539623,29.32,29.36,28.60
10/17/2023,28.72,3921015,28.84,28.9924,28.36
10/16/2023,29.12,5720703,29.20,29.40,28.56
10/13/2023,30.00,3864490,30.32,30.52,29.92
10/12/2023,31.20,4165800,31.12,31.9196,30.88
10/11/2023,31.60,5684853,30.68,31.80,30.04
10/10/2023,31.60,3745823,31.60,31.76,31.0928
10/09/2023,31.52,4717163,31.16,31.7196,30.96
10/06/2023,30.96,8161208,29.84,31.32,29.70
10/05/2023,29.64,7249935,28.20,29.804,28.16
10/04/2023,27.92,4580990,28.32,28.40,27.48
10/03/2023,27.44,3991113,26.96,27.60,26.80
10/02/2023,26.52,3996060,26.84,27.08,26.40
09/29/2023,27.32,3854103,26.92,27.72,26.92
09/28/2023,27.36,3918955,27.36,27.72,27.00
09/27/2023,26.88,3268203,26.68,27.40,26.68
09/26/2023,26.44,4016278,26.44,26.88,26.28
09/25/2023,26.96,2890475,26.96,27.32,26.76
09/22/2023,26.80,2896090,26.72,26.88,26.44
09/21/2023,26.48,6223483,27.20,27.48,26.32
09/20/2023,27.16,3572363,27.12,27.40,27.04
09/19/2023,28.12,4768743,28.00,28.52,27.76
09/18/2023,27.80,3606085,27.44,27.96,27.2404
09/15/2023,27.24,3182580,27.64,27.9056,27.12
09/14/2023,27.72,5912875,28.32,28.6324,27.64
09/13/2023,27.80,5935260,27.60,28.52,27.12
09/12/2023,28.20,7909760,27.32,28.56,26.92
09/11/2023,26.84,2858785,26.52,27.10,26.52
09/08/2023,26.84,3881723,26.80,27.144,26.56
09/07/2023,26.60,5453513,25.72,26.84,25.68
09/06/2023,25.92,5080503,25.80,26.12,25.68
09/05/2023,26.60,6233553,26.64,26.92,26.36
09/01/2023,28.20,3656403,28.92,29.34,28.20
08/31/2023,28.44,5345530,28.32,29.40,27.80
08/30/2023,28.80,4594283,27.84,28.80,27.6948
08/29/2023,27.44,4157863,27.36,27.60,26.88
08/28/2023,27.40,6489880,28.72,28.72,27.20
08/25/2023,27.44,3717233,26.72,27.48,26.52
08/24/2023,26.96,6643588,26.28,27.48,25.96
08/23/2023,26.44,5622703,26.88,26.94,26.36
08/22/2023,27.12,3948948,27.92,28.00,26.96
08/21/2023,27.88,3226888,28.20,28.3548,27.80
08/18/2023,27.76,3312123,27.72,27.9828,27.44
08/17/2023,28.28,2319999,28.36,28.72,28.12
08/16/2023,28.00,3509843,28.24,28.24,27.68
08/15/2023,28.68,5192025,29.08,29.12,28.48
08/14/2023,30.08,2479559,29.88,30.16,29.56
08/11/2023,29.96,3823873,29.12,30.00,29.08
08/10/2023,29.92,6553710,30.92,31.08,29.56
08/09/2023,31.88,8140653,32.20,32.32,31.32
08/08/2023,30.08,4489385,29.48,30.08,29.2404
08/07/2023,29.60,5061833,28.96,29.60,28.82
08/04/2023,27.80,3451995,28.00,28.02,27.48
08/03/2023,27.52,4410060,27.32,27.80,27.04
08/02/2023,26.68,4896290,26.92,27.00,26.40
08/01/2023,27.68,3700848,27.32,27.70,27.24
07/31/2023,28.44,2845788,28.20,28.44,28.04
07/28/2023,28.36,3917080,28.56,28.582,27.88
07/27/2023,28.00,6441535,28.32,28.48,27.40
07/26/2023,28.88,3492288,28.68,29.04,28.48
07/25/2023,29.36,3669010,28.88,29.746,28.80
07/24/2023,28.96,3538543,28.72,29.2396,28.56
07/21/2023,29.08,3217785,28.96,29.2796,28.80
07/20/2023,29.12,6412285,29.04,29.60,28.88
07/19/2023,28.00,3522488,28.08,28.36,27.68
07/18/2023,28.00,5188953,27.76,28.2796,27.56
07/17/2023,27.08,2787928,26.88,27.28,26.56
07/14/2023,27.16,4998743,27.76,27.80,26.64
07/13/2023,27.28,5328598,27.96,28.32,27.14
07/12/2023,28.32,5187988,28.36,28.60,28.00
07/11/2023,29.20,3284218,28.72,29.36,28.64
07/10/2023,28.44,5166888,28.32,28.7412,28.08
07/07/2023,27.44,5485143,27.92,28.5604,27.12
07/06/2023,28.16,4914453,28.36,28.7148,27.60
07/05/2023,28.44,3338050,29.52,29.58,28.30
07/03/2023,28.96,2376442,28.88,29.04,28.484
06/30/2023,29.68,6161115,28.60,30.16,28.44
06/29/2023,28.72,5389775,28.20,29.28,28.16
06/28/2023,28.36,7081003,29.84,29.84,28.28
06/27/2023,29.88,4234005,30.36,30.7996,29.44
06/26/2023,30.80,4651055,30.90,31.32,30.32
06/23/2023,30.20,6353550,28.00,30.40,27.96
06/22/2023,28.68,3728538,28.56,28.88,27.86
06/21/2023,28.56,4199930,27.44,28.56,27.38
06/20/2023,27.40,4786560,28.80,29.04,27.36
06/16/2023,28.76,4764755,28.16,29.16,27.7172
06/15/2023,28.08,8968968,26.72,28.20,26.54
06/14/2023,25.80,2304742,25.80,25.96,25.44
06/13/2023,25.68,3301940,25.92,25.96,25.3604
06/12/2023,24.96,3855485,24.52,25.044,24.24
06/09/2023,24.88,3396143,24.96,25.44,24.72
06/08/2023,25.68,3892790,25.24,26.12,25.00
06/07/2023,25.56,4036178,25.44,25.76,24.9372
06/06/2023,24.84,3288800,24.60,25.1492,24.44
06/05/2023,24.72,4212223,25.20,25.44,24.40
06/02/2023,23.92,5181133,24.08,24.52,23.76
06/01/2023,23.76,8095698,23.96,24.12,23.48
05/31/2023,24.80,5859263,26.20,26.32,24.68
05/30/2023,25.32,6040480,25.48,25.64,24.80
05/26/2023,26.56,4260153,26.44,27.0796,26.12
05/25/2023,27.04,4580185,27.88,28.16,26.64
05/24/2023,28.24,2802093,28.08,28.24,27.76
05/23/2023,27.52,3688790,27.48,28.04,27.26
05/22/2023,28.00,4760048,28.52,28.52,27.58
05/19/2023,29.84,5426503,30.44,30.88,29.56
05/18/2023,29.92,7901568,27.72,30.16,27.36
05/17/2023,27.60,3295710,27.20,28.00,27.08
05/16/2023,27.44,4151030,28.46,28.76,27.40
05/15/2023,27.76,5014630,27.36,27.86,27.12
05/12/2023,26.56,5049178,25.76,27.32,25.64
05/11/2023,25.56,3030745,25.88,26.40,25.36
05/10/2023,25.60,3723640,25.76,26.12,25.28
05/09/2023,26.52,3256723,26.52,26.7196,25.88
05/08/2023,26.12,4856653,25.96,26.28,25.48
05/05/2023,24.68,5601823,24.80,25.344,24.64
05/04/2023,24.44,7831160,25.12,25.16,24.40
05/03/2023,25.24,6640685,25.16,25.52,24.60
05/02/2023,25.96,5716193,26.36,26.36,25.56
05/01/2023,27.04,4135555,27.72,27.76,26.76
04/28/2023,28.04,5415928,27.80,28.36,27.4676
04/27/2023,27.52,4105593,27.42,27.76,26.7592
04/26/2023,27.04,5413408,27.00,27.16,26.60
04/25/2023,28.00,4566038,28.36,28.60,27.92
04/24/2023,28.76,5196115,27.96,29.02,27.8564
04/21/2023,28.00,4391618,28.16,28.4396,27.80
04/20/2023,28.08,5650678,27.84,28.44,27.04
04/19/2023,27.96,6897380,28.08,28.38,27.64
04/18/2023,29.40,5321653,28.84,29.52,28.32
04/17/2023,28.52,8291903,28.54,28.76,28.1604
04/14/2023,26.76,7390948,25.36,26.96,25.08
04/13/2023,25.64,7325003,26.28,26.28,25.36
04/12/2023,26.60,7355450,27.48,27.80,26.28
04/11/2023,28.24,5307753,27.68,28.24,26.96
04/10/2023,27.40,9383733,27.36,28.14,27.08
04/06/2023,25.64,8947345,26.96,27.08,25.26
04/05/2023,27.16,5760720,27.76,27.76,26.76
04/04/2023,26.44,6483440,26.64,26.9196,26.32
04/03/2023,26.84,8332448,26.84,27.16,26.32
03/31/2023,27.76,7235233,27.60,28.34,27.40
03/30/2023,26.72,7923743,27.00,27.40,26.32
03/29/2023,27.60,7383403,27.00,28.16,26.68
03/28/2023,27.32,7160790,27.68,28.46,27.12
03/27/2023,28.28,7593280,28.64,28.76,27.64
03/24/2023,29.32,4382863,29.52,30.12,29.12
03/23/2023,28.72,5361860,29.36,30.16,28.6488
03/22/2023,29.52,5264415,30.56,30.90,28.96
03/21/2023,30.92,7576098,28.72,31.52,28.64
03/20/2023,29.84,5566075,30.76,30.84,29.44
03/17/2023,31.20,4938330,31.88,32.06,30.84
03/16/2023,33.36,3597048,32.64,33.60,32.40
03/15/2023,32.40,5501195,32.60,32.96,31.56
03/14/2023,34.28,3796705,34.36,34.72,33.46
03/13/2023,34.60,5589083,33.20,34.76,32.96
03/10/2023,32.16,4400473,33.04,33.48,32.08
03/09/2023,32.96,5079720,34.556,34.8784,32.62
03/08/2023,34.32,4826295,34.80,34.8796,33.324
03/07/2023,35.08,4158833,34.76,35.64,34.28
03/06/2023,34.60,8683345,34.80,35.08,33.48
03/03/2023,39.52,8607003,37.36,39.96,36.9996
03/02/2023,36.68,4652483,37.44,37.52,35.80
03/01/2023,37.20,5518763,35.56,37.4796,35.44
02/28/2023,36.48,5760410,35.64,36.64,33.92
02/27/2023,35.84,7671475,35.60,36.16,34.48
02/24/2023,33.96,7150413,33.28,34.08,32.4536
02/23/2023,32.28,8400100,31.64,32.82,30.64
02/22/2023,30.32,9306150,29.92,31.98,29.64
02/21/2023,28.84,10296623,29.60,29.84,28.56
02/17/2023,31.04,9867570,31.44,31.68,30.40
02/16/2023,33.04,6205738,34.116,34.16,32.4536
02/15/2023,33.68,5108275,34.36,35.08,33.44
02/14/2023,35.40,5540528,34.36,35.60,34.214
02/13/2023,33.32,7581813,33.56,34.48,32.56
02/10/2023,35.16,5585550,33.56,35.23,33.32
02/09/2023,33.40,5525893,33.124,34.52,32.68
02/08/2023,32.92,7188725,34.60,34.9476,32.36
02/07/2023,35.48,6511695,34.04,35.68,33.96
02/06/2023,34.00,5274423,33.036,34.08,32.32
02/03/2023,32.76,8361698,33.16,33.3596,32.00
02/02/2023,33.52,7295563,34.476,35.44,33.20
02/01/2023,34.00,12167170,35.636,36.00,33.64
01/31/2023,37.28,6844040,36.12,37.56,35.92
01/30/2023,36.48,6713735,37.24,37.84,36.36
01/27/2023,39.24,4734800,38.84,39.68,37.80
01/26/2023,38.48,9235950,37.24,39.12,36.604
01/25/2023,39.24,5049280,40.62,41.0404,39.24
01/24/2023,41.96,2568888,43.08,43.48,41.44
01/23/2023,44.04,5096410,42.36,44.24,40.84
01/20/2023,41.04,3799830,42.76,43.48,40.72
01/19/2023,42.04,3229530,42.84,43.40,41.88
01/18/2023,42.48,4764598,43.32,44.3188,42.32
01/17/2023,46.20,4220100,46.476,47.16,45.00
01/13/2023,44.12,3588185,45.16,46.20,43.10
01/12/2023,47.04,2836428,49.84,50.20,46.72
01/11/2023,46.88,5276798,46.36,47.16,43.56
01/10/2023,45.72,3808258,46.76,47.42,45.16
01/09/2023,49.72,3134830,49.28,52.50,49.00
01/06/2023,47.56,3336765,47.44,48.82,46.68
01/05/2023,47.84,4459948,48.72,49.16,46.48
01/04/2023,52.92,1571171,51.92,53.64,50.92
01/03/2023,51.12,2548715,51.24,52.32,49.62
12/30/2022,56.40,2062751,56.20,57.76,55.68
12/29/2022,58.16,1944515,57.676,58.48,56.24
12/28/2022,60.20,2493977,59.24,60.48,56.76
12/27/2022,64.48,1750708,64.40,65.48,63.52
12/23/2022,63.64,2062968,61.40,65.28,61.32
12/22/2022,63.24,2775503,66.04,67.72,62.40
12/21/2022,67.40,1643921,68.44,68.96,65.78
12/20/2022,66.44,2324929,67.32,67.68,65.64
12/19/2022,72.00,1856433,74.28,75.28,71.60
12/16/2022,80.40,1502173,78.84,81.62,78.5604
12/15/2022,83.68,2022960,80.68,85.32,78.86
12/14/2022,77.88,1940100,80.40,81.3616,77.36
12/13/2022,85.08,2142296,85.16,86.68,83.00
12/12/2022,79.64,1930126,83.68,84.0424,79.32
12/09/2022,77.04,2329690,77.08,77.92,73.96
12/08/2022,73.00,1485229,71.44,75.156,71.116
12/07/2022,70.96,2309686,68.48,71.32,65.88
12/06/2022,65.56,2164873,67.40,68.72,65.20
12/05/2022,68.40,3442530,70.96,71.54,68.04
12/02/2022,76.32,2789965,79.00,81.44,75.86
12/01/2022,83.48,1820003,86.60,87.44,81.80
11/30/2022,84.88,1771507,88.60,88.72,83.00
11/29/2022,88.56,1233850,88.20,90.40,86.44
11/28/2022,89.44,1651071,86.12,90.00,86.00
11/25/2022,90.80,774330,92.20,94.44,90.48
11/23/2022,94.04,1975077,98.46,98.52,92.44
11/22/2022,91.40,1424798,86.48,92.00,85.72
11/21/2022,87.16,1318541,85.12,88.60,84.88
11/18/2022,82.24,2138921,78.80,83.16,78.70
11/17/2022,82.40,1566236,82.36,84.20,80.40
11/16/2022,80.36,2303575,75.36,80.72,74.32
11/15/2022,79.08,1891359,76.52,79.28,75.48
11/14/2022,78.08,2888375,82.28,82.76,76.16
11/11/2022,76.64,2940340,81.68,84.00,74.6788
11/10/2022,79.52,1467344,78.44,80.8944,76.88
11/09/2022,76.64,2285174,75.64,77.888,73.88
11/08/2022,80.80,2276246,82.48,82.48,78.36
11/07/2022,86.80,2470541,90.12,93.28,84.88
11/04/2022,83.28,1923327,78.80,84.08,76.28
11/03/2022,76.40,1353176,78.52,79.60,75.92
11/02/2022,79.64,1291011,79.28,81.36,78.2004
11/01/2022,75.36,2356355,77.32,77.68,72.5604
10/31/2022,81.52,2199162,81.08,82.32,78.60
10/28/2022,74.76,1626670,73.44,74.96,71.64
10/27/2022,75.64,1663876,77.72,78.88,73.72
10/26/2022,79.32,1864337,76.40,79.94,76.3604
10/25/2022,80.00,2039152,75.80,80.04,75.4176
10/24/2022,74.32,1876732,72.36,75.44,72.3296
10/21/2022,71.28,2021882,71.44,72.04,69.64
10/20/2022,75.32,1647448,75.24,77.04,74.36
10/19/2022,76.28,1512959,77.48,78.52,76.20
10/18/2022,80.16,1287509,83.72,84.5416,79.44
10/17/2022,83.36,1386538,83.28,84.68,82.48
10/14/2022,89.44,772428,90.48,90.80,88.54
10/13/2022,92.16,1106052,89.16,93.28,87.92
10/12/2022,88.44,1082883,92.60,93.12,88.16
10/11/2022,90.48,987049,90.76,91.86,88.40
10/10/2022,89.80,1284390,94.24,94.96,88.28
10/07/2022,91.76,1102652,93.76,95.32,91.52
10/06/2022,95.36,1171772,96.84,98.08,94.56
10/05/2022,95.76,1190516,95.88,96.20,94.2428
10/04/2022,93.96,1352594,90.80,94.76,90.40
10/03/2022,89.84,1472544,89.08,90.12,86.80
09/30/2022,93.52,1058672,93.12,96.92,92.32
09/29/2022,94.80,1156655,93.40,96.04,90.60
09/28/2022,96.36,1156640,92.00,96.72,91.08
09/27/2022,93.64,1464086,94.28,97.04,92.76
09/26/2022,96.84,1205827,93.32,97.44,92.12
09/23/2022,96.28,1769400,95.00,98.92,94.48
09/22/2022,100.60,904348,106.12,106.48,98.64
09/21/2022,107.88,788160,109.84,109.84,104.72
09/20/2022,106.68,688526,107.72,110.56,105.96
09/19/2022,109.40,1056491,105.76,109.60,105.56
09/16/2022,107.80,1123587,110.72,111.642,106.88
09/15/2022,114.64,1613837,117.20,118.16,113.5248
09/14/2022,125.80,1754878,121.64,127.76,119.72
09/13/2022,116.52,1062979,115.00,116.96,112.80
09/12/2022,116.04,1306380,110.84,116.2824,110.84
09/09/2022,111.56,906680,110.96,111.64,109.16
09/08/2022,110.12,1072680,110.40,111.60,108.7964
09/07/2022,108.04,1509203,110.12,111.32,107.84
09/06/2022,111.20,1980601,115.40,117.52,108.32
09/02/2022,122.84,2359846,124.48,124.56,119.24
09/01/2022,126.96,1512517,128.12,129.88,126.16
08/31/2022,126.60,1373349,123.32,128.36,122.24
08/30/2022,125.60,1189508,124.76,126.9596,122.56
08/29/2022,127.76,1369472,126.80,132.08,126.08
08/26/2022,127.96,1356813,131.64,133.36,126.76
08/25/2022,129.20,1053068,128.84,129.92,126.48
08/24/2022,127.44,1839709,127.48,130.12,125.32
08/23/2022,128.04,3018665,136.20,138.00,124.72
08/22/2022,135.16,1618023,135.56,135.72,130.20
08/19/2022,128.20,1385309,125.44,129.48,124.88
08/18/2022,127.04,2577203,127.52,133.2396,122.88
08/17/2022,127.52,1319979,130.52,130.60,125.84
08/16/2022,129.08,2059178,127.20,129.88,124.56
08/15/2022,122.24,1604443,116.72,123.28,115.92
08/12/2022,121.04,1220172,122.04,123.04,119.60
08/11/2022,120.44,2055432,116.36,124.04,113.96
08/10/2022,113.56,2210227,108.04,114.04,107.32
08/09/2022,107.84,1215808,107.32,108.88,106.08
08/08/2022,105.12,1225340,105.84,107.40,104.04
08/05/2022,110.28,1102441,110.52,113.76,109.80
08/04/2022,112.68,2363903,112.12,113.52,107.80
08/03/2022,114.12,3229318,105.64,116.92,104.24
08/02/2022,105.64,2257213,108.04,109.44,105.20
08/01/2022,114.00,2601518,108.68,114.48,107.52
07/29/2022,114.48,1835465,114.84,115.36,110.48
07/28/2022,113.36,1755682,118.16,122.20,111.80
07/27/2022,118.96,1677231,119.56,120.68,115.12
07/26/2022,120.48,3019295,125.92,126.08,119.48
07/25/2022,118.84,1617649,114.76,120.08,113.36
07/22/2022,113.20,1623719,111.44,114.32,111.08
07/21/2022,108.08,1261327,106.00,110.996,104.44
07/20/2022,107.12,1615648,101.80,109.32,99.84
07/19/2022,99.72,1252729,98.12,101.20,97.56
07/18/2022,101.36,1166383,99.96,102.8432,99.68
07/15/2022,96.96,988975,90.44,97.12,89.28
07/14/2022,90.80,1279079,92.40,93.36,89.04
07/13/2022,89.72,1607097,88.84,92.5196,87.36
07/12/2022,84.84,2487574,90.08,90.44,81.84
07/11/2022,88.12,1539958,89.92,90.40,86.48
07/08/2022,82.28,1034888,84.04,85.72,81.84
07/07/2022,84.56,2279110,78.72,86.80,78.00
07/06/2022,75.40,990974,76.08,76.4396,73.20
07/05/2022,74.64,1776749,75.96,78.08,73.40
07/01/2022,77.24,1591521,79.48,80.44,76.72
06/30/2022,76.04,3594913,88.72,89.7708,73.12
06/29/2022,87.48,1325446,91.40,92.24,87.44
06/28/2022,90.60,1554867,90.36,91.64,88.16
06/27/2022,88.44,1426037,83.24,89.72,83.16
06/24/2022,85.16,1097198,84.52,87.04,83.60
06/23/2022,85.36,1494245,91.72,92.36,84.88
06/22/2022,92.84,805039,91.20,94.52,90.56
06/21/2022,92.80,1564353,90.88,94.52,90.00
06/17/2022,94.72,1792445,99.68,100.20,92.80
06/16/2022,101.08,1642989,107.16,108.66,99.376
06/15/2022,101.80,1263654,102.48,104.36,99.12
06/14/2022,98.88,4584328,107.24,107.72,95.04
06/13/2022,117.64,1690608,120.44,120.88,113.72
06/10/2022,118.88,1478132,118.76,121.12,116.96
06/09/2022,121.48,2904190,109.60,122.472,108.80
06/08/2022,117.64,3678990,128.72,131.08,114.40
06/07/2022,126.88,1524275,126.20,127.96,125.24
06/06/2022,126.92,1964445,123.84,127.48,122.40
06/03/2022,115.84,1189334,115.68,116.68,113.8276
06/02/2022,115.16,2021878,121.52,121.7976,113.72
06/01/2022,119.16,2178045,115.80,119.28,114.76
05/31/2022,111.64,1874972,115.88,116.52,110.16
05/27/2022,118.32,1708986,114.04,119.42,112.42
05/26/2022,118.92,2010993,122.68,128.12,117.0416
05/25/2022,122.12,2174193,125.20,127.96,120.44
05/24/2022,120.48,1413293,120.00,121.1504,118.12
05/23/2022,120.28,1767202,111.64,120.84,111.32
05/20/2022,110.92,1378329,109.92,112.40,109.80
05/19/2022,111.92,1105303,112.80,116.52,111.6524
05/18/2022,113.96,1225807,115.36,116.36,112.52
05/17/2022,113.76,1409980,113.56,114.76,111.56
05/16/2022,109.60,1552302,111.00,112.24,105.32
05/13/2022,105.08,1104225,107.20,107.24,103.24
05/12/2022,105.92,1381521,102.52,106.96,102.16
05/11/2022,105.52,1653656,104.32,106.04,103.40
05/10/2022,99.16,3419183,92.76,102.52,92.68
05/09/2022,97.24,2937665,104.72,104.84,95.68
05/06/2022,110.72,2604098,117.16,117.3596,109.32
05/05/2022,120.40,2391883,114.76,120.96,111.48
05/04/2022,116.04,1759513,115.12,116.40,113.48
05/03/2022,107.16,2023743,109.24,112.20,107.00
05/02/2022,104.00,1244612,101.64,104.28,101.16
04/29/2022,100.00,1651564,97.48,100.72,96.36
04/28/2022,95.40,1857142,98.28,98.72,94.52
04/27/2022,100.76,2895700,98.16,103.24,97.36
04/26/2022,95.28,3245273,96.52,98.16,93.32
04/25/2022,96.88,2555285,90.92,97.68,90.78
04/22/2022,90.80,2138533,95.52,96.60,90.18
04/21/2022,96.80,2460824,98.72,99.48,93.88
04/20/2022,96.00,2703020,99.16,99.60,94.72
04/19/2022,99.96,3981298,100.32,101.20,96.88
04/18/2022,108.52,5053643,105.56,112.60,105.56
04/14/2022,102.40,3357070,97.92,102.54,97.08
04/13/2022,98.48,3141955,94.80,98.96,94.64
04/12/2022,93.60,3312278,93.72,96.92,92.16
04/11/2022,93.20,2185214,91.84,93.36,90.72
04/08/2022,88.36,2131305,89.76,90.16,87.3356
04/07/2022,89.48,4221773,85.00,89.88,83.76
04/06/2022,84.92,3948223,87.40,88.76,83.76
04/05/2022,84.24,2801908,83.00,86.5364,82.96
04/04/2022,80.20,1481129,80.36,81.72,79.28
04/01/2022,79.68,1406591,78.80,80.66,78.20
03/31/2022,78.88,2505268,78.68,81.40,78.44
03/30/2022,77.52,1667034,75.96,78.48,75.84
03/29/2022,74.40,1486371,76.60,76.68,74.28
03/28/2022,76.88,1266310,76.76,78.20,76.62
03/25/2022,77.96,1972682,78.16,78.44,76.46
03/24/2022,75.88,2025833,72.88,76.88,71.40
03/23/2022,72.12,1286175,73.96,74.52,71.80
03/22/2022,72.36,1315192,71.92,73.20,70.80
03/21/2022,69.76,775233,67.32,69.92,66.88
03/18/2022,68.88,1079601,69.44,69.44,68.08
03/17/2022,69.48,1408358,68.40,70.24,68.28
03/16/2022,66.76,1140575,66.36,67.16,65.28
03/15/2022,64.84,871400,63.24,65.20,62.76
03/14/2022,65.88,1121124,65.88,66.16,64.2396
03/11/2022,67.16,1011944,66.72,67.56,65.84
03/10/2022,65.28,979467,64.40,65.7996,64.08
03/09/2022,63.64,2070335,64.04,64.6004,63.28
03/08/2022,64.28,2881178,64.36,66.208,63.52
03/07/2022,67.80,2091591,69.88,70.20,67.32
03/04/2022,69.36,2426471,68.04,71.04,67.96
03/03/2022,66.56,2248041,65.92,67.96,65.16
03/02/2022,68.08,2411206,67.32,69.16,65.50
03/01/2022,64.44,1822312,62.84,65.20,62.64
02/28/2022,61.84,1573839,63.00,63.40,61.52
02/25/2022,63.28,1839090,63.80,64.14,62.20
02/24/2022,65.16,3283118,67.92,68.92,64.72
02/23/2022,64.48,2176838,64.04,65.9996,63.88
02/22/2022,62.68,2062766,63.96,64.66,62.12
02/18/2022,61.64,2567100,64.32,64.36,61.28
02/17/2022,62.68,1427847,63.28,64.40,61.20
02/16/2022,63.28,2791608,62.04,64.68,61.72
02/15/2022,60.48,2044705,60.08,60.78,58.58
02/14/2022,58.20,1957512,57.12,58.92,56.84
02/11/2022,55.80,4205735,54.48,56.56,54.28
02/10/2022,55.56,1618682,54.96,56.00,54.36
02/09/2022,56.20,2192670,56.60,56.88,55.76
02/08/2022,58.88,1728217,60.36,61.06,58.68
02/07/2022,59.96,2996773,60.24,60.88,57.68
02/04/2022,63.36,2671220,67.24,68.6404,62.82
02/03/2022,68.96,2801553,67.88,70.28,67.48
02/02/2022,75.92,5397148,74.68,78.00,73.56
02/01/2022,68.40,2379013,66.60,68.4796,65.08
01/31/2022,68.04,2873258,67.76,69.64,65.72
01/28/2022,65.08,5042530,66.88,67.90,64.2004
01/27/2022,60.80,3643828,57.00,61.84,56.64
01/26/2022,55.92,2460028,57.88,57.96,55.64
01/25/2022,54.28,1188628,53.96,54.84,53.34
01/24/2022,53.28,1594320,53.52,54.80,53.08
01/21/2022,52.40,2380344,52.12,53.60,51.52
01/20/2022,51.32,1925417,52.16,52.3848,50.84
01/19/2022,53.80,2456852,57.16,57.20,53.66
01/18/2022,57.32,1888681,57.56,57.92,56.14
01/14/2022,56.68,1521036,55.84,57.24,55.44
01/13/2022,56.80,3431800,59.64,60.24,56.60
01/12/2022,63.88,4718580,60.88,64.76,60.08
01/11/2022,56.28,1809288,53.92,56.56,53.58
01/10/2022,54.96,2742890,54.76,55.24,52.84
01/07/2022,52.08,1744017,51.72,52.84,51.40
01/06/2022,51.20,1467688,51.16,51.52,50.56
01/05/2022,51.20,1519411,50.96,51.722,50.00
01/04/2022,49.76,1883424,50.88,51.12,49.2932
01/03/2022,51.08,1654079,49.80,51.24,48.34
12/31/2021,49.96,1870196,49.20,50.36,48.16
12/30/2021,47.68,2956793,49.92,50.16,47.02
12/29/2021,50.96,2068761,52.24,53.08,50.68
12/28/2021,51.76,1442019,50.80,52.20,50.56
12/27/2021,52.16,2990795,49.92,52.7592,49.88
12/23/2021,48.40,3378658,48.24,49.12,46.76
12/22/2021,50.88,1075419,51.68,52.22,50.80
12/21/2021,50.04,1321325,49.92,50.96,49.64
12/20/2021,50.04,1498287,50.40,51.04,49.30
12/17/2021,48.16,1190727,48.32,49.90,47.96
12/16/2021,49.36,1634411,50.76,51.196,48.84
12/15/2021,49.80,1644003,51.08,51.36,49.56
12/14/2021,49.80,1643896,49.40,50.04,48.34
12/13/2021,50.20,2468028,52.80,53.30,49.40
12/10/2021,50.84,1979077,50.76,51.92,50.12
12/09/2021,49.52,1809133,50.16,51.40,49.364
12/08/2021,50.00,1872429,51.12,51.12,49.88
12/07/2021,48.88,1923815,48.98,50.16,48.06
12/06/2021,48.20,3450910,48.84,49.14,47.60
12/03/2021,53.32,2436642,54.12,55.72,53.28
12/02/2021,53.84,3292693,56.00,56.52,53.00
12/01/2021,55.64,3561128,57.60,57.94,55.32
11/30/2021,60.32,3600958,59.16,61.42,58.76
11/29/2021,63.52,2842218,63.48,64.84,63.16
11/26/2021,69.76,1717683,70.12,70.16,67.12
11/24/2021,66.80,1598527,66.92,68.20,66.20
11/23/2021,66.92,1791501,66.08,67.4572,65.368
11/22/2021,63.76,2528070,62.44,64.48,62.30
11/19/2021,66.92,2002756,66.16,68.6396,65.16
11/18/2021,65.48,1176094,67.00,67.28,64.92
11/17/2021,65.20,1816675,66.24,67.00,64.28
11/16/2021,68.72,2121017,70.12,71.92,68.32
11/15/2021,67.16,2265465,65.28,67.5596,64.458
11/12/2021,64.28,2793308,67.00,67.60,63.48
11/11/2021,68.48,2411294,66.16,69.12,65.48
11/10/2021,65.52,2805560,63.68,66.20,63.14
11/09/2021,66.24,3966453,68.20,68.88,65.6388
11/08/2021,72.28,2172831,74.16,74.76,72.20
11/05/2021,75.04,1721582,74.20,75.3596,73.48
11/04/2021,76.12,2276588,77.36,78.10,73.96
11/03/2021,77.76,2183889,74.28,77.80,73.76
11/02/2021,73.68,2773618,72.40,74.32,71.80
11/01/2021,69.56,2610430,70.64,71.64,68.36
10/29/2021,73.84,2678313,74.36,75.10,72.20
10/28/2021,77.12,2652853,78.88,79.92,76.34
10/27/2021,81.80,3056473,82.44,83.88,78.96
10/26/2021,79.76,2970023,77.72,80.96,76.60
10/25/2021,81.60,3444685,78.40,82.28,78.16
10/22/2021,73.52,1726413,74.24,74.68,71.68
10/21/2021,72.64,1664155,71.80,72.80,70.04
10/20/2021,72.68,1611460,69.60,73.28,69.36
10/19/2021,71.12,1814558,68.76,71.60,68.52
10/18/2021,69.80,3196168,72.92,73.38,69.68
10/15/2021,75.36,1793590,76.80,77.80,75.00
10/14/2021,78.44,2060312,80.20,82.28,77.5196
10/13/2021,78.24,2561775,74.92,78.72,74.08
10/12/2021,75.44,2553015,73.40,76.40,73.08
10/11/2021,74.64,3068038,74.52,75.90,73.44
10/08/2021,77.52,2016333,78.20,78.68,76.80
10/07/2021,79.60,2889195,78.04,80.1544,75.56
10/06/2021,79.00,5111608,81.44,81.88,78.32
10/05/2021,87.12,5028483,84.24,88.40,84.18
10/04/2021,81.56,4476465,81.88,83.84,79.56
10/01/2021,77.12,3380748,78.64,79.68,76.96
09/30/2021,80.64,6253810,76.52,81.56,76.04
09/29/2021,75.36,3105928,77.60,78.28,75.02
09/28/2021,80.56,7566623,82.20,84.46,78.16
09/27/2021,81.24,4431400,76.76,81.56,76.00
09/24/2021,72.32,1147074,70.96,72.54,69.84
09/23/2021,70.52,1622544,67.92,70.64,67.92
09/22/2021,66.60,859432,66.92,67.84,66.56
09/21/2021,67.48,1438037,67.88,68.16,65.96
09/20/2021,69.00,1687329,70.84,72.08,68.44
09/17/2021,70.60,2083303,72.64,73.30,70.44
09/16/2021,73.88,2273450,75.24,75.6796,73.12
09/15/2021,76.28,3014113,77.48,78.84,74.06
09/14/2021,73.88,1576764,73.68,74.56,72.68
09/13/2021,72.40,1337628,71.76,73.84,71.6892
09/10/2021,69.40,1001691,69.88,69.88,68.60
09/09/2021,69.96,1786015,68.28,70.44,67.32
09/08/2021,68.72,2885668,67.64,69.92,67.12
09/07/2021,63.88,805489,65.12,65.28,63.68
09/03/2021,65.68,647861,65.52,65.84,65.04
09/02/2021,64.76,1235099,64.88,65.99,64.32
09/01/2021,64.40,2072908,62.20,65.68,62.12
08/31/2021,61.28,657188,59.68,61.68,59.54
08/30/2021,60.36,870732,59.48,60.64,58.96
08/27/2021,61.36,1095865,60.68,61.42,60.36
08/26/2021,58.80,1804957,56.00,59.28,55.94
08/25/2021,55.00,878035,54.92,56.12,54.48
08/24/2021,54.68,266274,54.96,55.10,54.5188
08/23/2021,55.28,383773,54.48,55.42,54.08
08/20/2021,53.92,382902,55.12,55.32,53.80
08/19/2021,54.08,790377,53.00,54.36,52.40
08/18/2021,53.56,581554,54.04,54.20,53.12
08/17/2021,53.72,782227,54.16,54.32,53.32
08/16/2021,55.40,439516,55.16,55.88,55.128
08/13/2021,54.00,517913,54.96,55.40,53.96
08/12/2021,54.84,859445,56.20,56.60,54.68
08/11/2021,56.88,417740,55.96,57.16,55.84
08/10/2021,57.56,340691,57.40,57.84,57.04
08/09/2021,56.60,452638,57.20,57.3196,56.0904
08/06/2021,57.92,440573,58.20,58.76,57.72
08/05/2021,58.36,538191,58.60,58.92,57.96
08/04/2021,58.28,598866,57.64,58.98,57.64
08/03/2021,57.00,540998,56.16,57.16,56.00
08/02/2021,55.44,444573,55.88,56.66,55.08
07/30/2021,55.04,583361,54.72,55.16,54.08
07/29/2021,56.76,608319,56.00,57.44,55.78
07/28/2021,55.40,528107,55.72,56.44,55.1664
07/27/2021,54.96,638052,56.16,56.32,54.96
07/26/2021,56.96,708252,57.72,57.90,56.28
07/23/2021,56.28,345801,55.88,56.82,55.80
07/22/2021,55.80,598855,54.76,55.88,54.36
07/21/2021,54.68,438837,54.52,55.32,54.48
07/20/2021,54.36,629796,53.68,54.36,53.36
07/19/2021,52.60,766331,52.48,52.76,51.76
07/16/2021,51.32,392958,51.24,51.46,50.92
07/15/2021,50.60,510023,51.00,51.4724,50.36
07/14/2021,51.20,442377,52.04,52.10,50.64
07/13/2021,51.64,375364,51.56,52.00,51.32
07/12/2021,52.40,513117,52.28,52.5952,51.76
07/09/2021,51.56,351993,51.72,52.02,51.28
07/08/2021,51.44,934725,50.24,51.96,50.20
07/07/2021,50.16,939431,50.36,50.46,49.20
07/06/2021,51.44,554153,51.24,51.60,50.42
07/02/2021,51.64,532884,51.28,52.26,51.04
07/01/2021,51.16,702011,51.56,51.64,50.16
06/30/2021,52.32,959147,51.84,53.28,50.36
06/29/2021,51.20,1408457,52.04,53.24,50.68
06/28/2021,50.28,1020517,50.40,51.0344,50.12
06/25/2021,49.28,609422,48.44,49.28,48.40
06/24/2021,48.04,572871,46.68,48.34,46.60
06/23/2021,46.56,755803,47.04,47.60,46.56
06/22/2021,45.88,313400,45.80,46.036,45.60
06/21/2021,45.04,364317,44.48,45.20,44.28
06/18/2021,45.24,223924,45.20,45.8796,45.16
06/17/2021,45.68,436361,45.16,45.8796,44.8868
06/16/2021,45.72,295794,45.12,46.06,45.04
06/15/2021,45.20,651880,46.88,47.1244,45.20
06/14/2021,47.24,523992,46.52,47.28,46.04
06/11/2021,46.16,1151341,45.80,46.80,45.76
06/10/2021,44.36,341890,44.48,44.96,44.04
06/09/2021,44.36,268685,44.48,44.56,43.94
06/08/2021,44.00,660262,44.76,44.9544,43.88
06/07/2021,43.28,358958,42.92,43.44,42.88
06/04/2021,43.56,347402,42.88,43.9124,42.5528
06/03/2021,43.04,388585,42.92,43.28,42.68
06/02/2021,43.16,322550,43.60,43.80,42.8816
06/01/2021,43.68,952814,43.68,44.32,43.48
05/28/2021,42.08,409968,42.52,42.56,41.94
05/27/2021,41.64,461732,42.20,42.40,41.008
05/26/2021,42.48,644423,42.16,42.84,41.8476
05/25/2021,42.16,293543,41.96,42.16,41.604
05/24/2021,41.68,439368,41.28,41.76,41.16
05/21/2021,41.84,341890,41.84,42.04,41.68
05/20/2021,42.36,669131,42.44,42.4756,41.80
05/19/2021,42.68,505886,42.80,43.00,42.2824
05/18/2021,43.24,552353,43.96,43.96,43.20
05/17/2021,44.64,1129687,44.64,45.1196,44.36
05/14/2021,42.56,350277,42.76,42.78,42.24
05/13/2021,42.60,321428,42.20,42.96,42.08
05/12/2021,42.72,497142,42.28,42.80,42.24
05/11/2021,42.36,362703,41.38,42.52,41.32
05/10/2021,42.00,395871,41.72,42.12,41.68
05/07/2021,42.36,833001,41.96,42.84,41.64
05/06/2021,42.12,397064,42.00,42.56,41.684
05/05/2021,42.24,129177,42.60,42.66,41.76
05/04/2021,42.64,505151,42.48,42.64,42.02
05/03/2021,42.52,445150,42.20,42.64,41.98
04/30/2021,42.04,293046,42.28,42.36,41.92
04/29/2021,41.68,447946,42.40,42.44,41.32
04/28/2021,42.32,564881,42.60,42.8396,42.08
04/27/2021,42.08,820119,41.68,42.24,41.68
04/26/2021,41.24,576186,39.84,41.32,39.80
04/23/2021,40.24,330116,40.44,40.76,40.24
04/22/2021,40.60,842326,39.48,40.9928,39.44
04/21/2021,39.80,319822,39.64,39.88,39.40
04/20/2021,40.16,380254,40.20,40.40,40.12
04/19/2021,40.36,589968,39.76,40.44,39.72
04/16/2021,39.52,304667,39.44,39.56,39.24
04/15/2021,39.20,617172,38.40,39.4804,38.20
04/14/2021,38.52,349034,38.80,38.96,38.44
04/13/2021,38.60,638649,38.28,38.8796,38.24
04/12/2021,37.68,607480,38.00,38.04,37.30
04/09/2021,37.12,327950,37.52,37.56,37.08
04/08/2021,37.12,620352,37.16,37.32,36.74
04/07/2021,37.00,734330,36.76,37.50,36.6404
04/06/2021,36.24,952473,37.68,37.68,36.16
04/05/2021,37.00,934477,38.04,38.04,36.68
04/01/2021,38.80,679434,38.88,39.20,38.36
03/31/2021,38.32,389355,38.20,38.64,37.96
03/30/2021,38.64,511329,38.72,39.00,38.28
03/29/2021,38.92,473599,38.64,39.144,38.08
03/26/2021,38.64,381988,38.80,38.88,38.44
03/25/2021,38.56,555315,38.00,38.76,37.60
03/24/2021,37.80,319202,38.00,38.236,37.76
03/23/2021,37.68,731163,38.16,38.44,37.60
03/22/2021,38.48,672762,37.84,38.74,37.76
03/19/2021,37.96,656977,36.80,37.96,36.7196
03/18/2021,37.16,862930,36.36,37.64,36.26
03/17/2021,37.72,874940,37.88,38.0468,37.20
03/16/2021,38.20,706411,37.56,38.30,37.48
03/15/2021,37.40,1271007,37.68,37.72,37.04
03/12/2021,38.76,1175239,39.68,39.932,38.60
03/11/2021,39.88,813770,39.84,40.32,39.40
03/10/2021,40.12,696755,39.32,40.44,39.12
03/09/2021,39.88,602769,39.56,40.20,39.36
03/08/2021,39.76,798569,39.44,39.88,39.26
03/05/2021,40.32,673607,41.08,41.16,40.08
03/04/2021,41.04,1360881,41.44,41.60,40.16
03/03/2021,42.00,669941,42.60,42.68,41.94
03/02/2021,42.56,1102845,41.92,42.68,41.76
03/01/2021,41.48,563269,41.00,41.68,40.96
02/26/2021,41.28,906390,40.92,41.62,40.64
02/25/2021,41.24,1224903,41.56,42.28,41.24
02/24/2021,41.92,917202,42.40,42.60,41.72
02/23/2021,42.76,1122628,43.08,43.20,42.48
02/22/2021,43.72,1362849,43.36,44.20,42.96
02/19/2021,44.64,1166546,44.88,45.20,44.36
02/18/2021,43.96,1630493,44.76,44.80,43.84
02/17/2021,45.20,2065105,44.32,45.48,43.96
02/16/2021,44.40,2418121,45.16,45.20,43.40
02/12/2021,42.68,887157,42.32,43.48,41.84
02/11/2021,41.76,2091284,43.96,44.0756,41.64
02/10/2021,43.40,1428796,42.04,43.52,41.80
02/09/2021,41.24,896924,41.28,41.76,40.92
02/08/2021,42.36,1178338,42.32,42.56,41.68
02/05/2021,42.12,2064793,44.60,44.64,41.78
02/04/2021,43.36,1931354,41.04,43.60,40.72
02/03/2021,40.56,1369440,41.48,41.58,40.24
02/02/2021,41.56,2080615,43.64,43.72,41.20
02/01/2021,41.28,2674628,41.12,42.00,40.8804
01/29/2021,37.64,1401835,38.84,39.48,37.48
01/28/2021,39.32,1652764,39.08,39.48,37.96
01/27/2021,39.28,1526449,39.36,40.16,39.06
01/26/2021,38.68,880474,38.36,38.76,37.92
01/25/2021,38.16,1357281,37.36,38.24,37.20
01/22/2021,36.04,1310314,36.08,36.40,35.80
01/21/2021,36.76,1234101,36.40,36.80,36.0988
01/20/2021,37.12,1309838,36.44,37.44,36.08
01/19/2021,37.04,1796809,37.60,37.74,36.76
01/15/2021,39.84,1236721,40.32,40.36,39.20
01/14/2021,38.72,1506316,39.68,40.40,38.56
01/13/2021,39.76,1435184,39.92,40.72,39.24
01/12/2021,39.68,1660243,41.32,41.56,39.40
01/11/2021,40.40,1507294,38.04,40.70,37.96
01/08/2021,39.00,985861,38.60,39.52,38.32
01/07/2021,38.80,1146637,39.36,39.88,38.72
01/06/2021,39.32,1213102,38.56,40.12,38.56
01/05/2021,39.12,1484141,38.96,39.56,38.74
01/04/2021,37.80,1085232,38.00,38.28,37.18
12/31/2020,36.80,1219383,35.88,36.88,35.36
12/30/2020,35.16,893390,35.40,35.72,34.60
12/29/2020,35.40,1605224,34.72,36.02,34.72
12/28/2020,33.92,2776023,33.00,34.28,32.88
12/24/2020,36.88,641547,37.48,37.88,36.88
12/23/2020,37.52,1581005,38.64,38.88,37.00
12/22/2020,39.60,1048768,39.80,40.20,39.32
12/21/2020,38.96,652302,38.80,39.0396,38.40
12/18/2020,39.00,789115,38.96,39.24,38.36
12/17/2020,38.48,1009440,38.92,39.16,37.72
12/16/2020,38.80,870661,38.20,38.96,38.12
12/15/2020,38.56,1237877,38.20,39.08,37.96
12/14/2020,38.48,1371812,38.68,39.10,37.8016
12/11/2020,37.52,1126851,37.20,38.0656,37.16
12/10/2020,37.24,2107815,35.80,37.52,35.622
12/09/2020,35.16,1502500,36.20,36.28,35.04
12/08/2020,35.36,1690339,35.24,35.60,34.3164
12/07/2020,35.12,2462709,34.80,35.276,34.48
12/04/2020,37.12,1620548,36.66,37.98,36.64
12/03/2020,36.36,4663905,37.42,37.44,36.00
12/02/2020,39.84,1596801,41.68,41.7956,39.72
12/01/2020,41.72,1176873,41.96,42.08,41.04
11/30/2020,42.40,1057230,43.12,43.36,41.64
11/27/2020,41.08,612940,41.80,41.88,40.96
11/25/2020,42.76,1055572,42.00,43.4748,41.52
11/24/2020,41.88,936390,41.84,42.10,41.50
11/23/2020,40.84,1080523,40.56,41.12,40.36
11/20/2020,40.20,630659,40.16,40.42,39.8456
11/19/2020,39.60,2381244,38.72,40.12,38.48
11/18/2020,41.12,835836,41.64,42.00,40.88
11/17/2020,41.20,1257856,41.40,41.52,40.7136
11/16/2020,41.24,2326868,42.64,42.68,41.20
11/13/2020,45.28,723418,46.32,46.50,45.02
11/12/2020,44.88,727632,45.52,46.20,44.7248
11/11/2020,46.08,1071416,45.28,46.28,44.28
11/10/2020,44.84,1052458,43.80,45.64,43.72
11/09/2020,43.28,1137879,43.60,43.92,43.00
11/06/2020,43.92,1150199,44.52,44.52,43.4724
11/05/2020,44.52,1386787,46.48,47.20,44.3996
11/04/2020,46.32,902383,45.92,46.72,45.56
11/03/2020,46.44,1691437,47.08,47.12,46.12
11/02/2020,49.00,1025793,49.08,49.56,48.7108
10/30/2020,50.96,655526,49.36,51.02,49.36
10/29/2020,50.20,940917,48.16,50.68,47.76
10/28/2020,49.84,656765,49.80,50.34,49.60
10/27/2020,50.12,574481,48.36,50.56,48.32
10/26/2020,49.20,686490,49.60,49.92,48.64
10/23/2020,48.40,524815,48.72,49.00,48.30
10/22/2020,49.56,558993,50.20,50.50,49.36
10/21/2020,50.56,496525,50.72,50.96,50.44
10/20/2020,49.52,604186,50.32,50.56,49.24
10/19/2020,49.96,747520,49.28,50.20,49.12
10/16/2020,49.12,906343,50.00,50.52,48.64
10/15/2020,49.56,977408,49.56,50.28,49.10
10/14/2020,47.16,2062935,47.64,48.56,46.92
10/13/2020,50.48,990408,50.52,51.76,50.20
10/12/2020,51.04,1215919,52.36,52.60,50.7676
10/09/2020,49.52,1142203,49.92,50.68,48.96
10/08/2020,47.44,1326100,46.00,47.6012,45.56
10/07/2020,46.80,1351432,47.80,48.04,45.64
10/06/2020,45.36,1198825,46.40,47.40,45.00
10/05/2020,47.48,1571350,47.60,48.96,46.92
10/02/2020,44.28,823578,44.32,45.84,43.72
10/01/2020,44.92,839641,45.52,45.66,43.9092
09/30/2020,45.64,814307,45.60,46.30,44.60
09/29/2020,45.16,2140485,47.00,47.32,45.04
09/28/2020,49.92,1068803,48.92,50.52,48.64
09/25/2020,50.56,587667,51.12,51.60,50.18
09/24/2020,51.52,994362,51.04,52.60,49.88
09/23/2020,50.36,1483963,48.76,51.04,48.5604
09/22/2020,46.68,1026908,47.20,47.32,46.04
09/21/2020,48.72,2410208,47.08,49.1136,46.52
09/18/2020,47.44,1126331,46.48,47.68,46.12
09/17/2020,45.96,2536683,47.08,47.08,45.12
09/16/2020,48.56,1230715,50.00,50.0356,48.24
09/15/2020,50.28,748987,49.92,50.92,49.92
09/14/2020,49.60,1069201,50.56,51.00,49.06
09/11/2020,48.32,906743,49.32,49.44,48.24
09/10/2020,49.60,896513,50.76,51.34,49.52
09/09/2020,51.16,1618846,52.04,52.16,50.00
09/08/2020,51.12,1698403,54.44,54.84,51.04
09/04/2020,55.52,1477822,53.00,55.96,52.26
09/03/2020,53.36,1090127,54.76,55.16,52.792
09/02/2020,53.84,1670324,53.32,55.40,52.92
09/01/2020,54.00,1557425,55.24,56.1652,53.832
08/31/2020,56.56,1597834,54.40,57.00,53.68
08/28/2020,57.28,869374,57.52,57.96,56.34
08/27/2020,57.92,1814982,56.36,58.32,56.28
08/26/2020,54.32,956000,55.88,56.36,54.1504
08/25/2020,55.48,798262,55.76,56.24,55.18
08/24/2020,56.12,1137445,56.28,57.08,55.646
08/21/2020,55.04,1663980,52.28,55.60,52.08
08/20/2020,53.72,936688,54.68,55.08,53.64
08/19/2020,55.20,1093965,54.80,55.3656,54.3604
08/18/2020,54.84,1109687,55.24,55.88,54.48
08/17/2020,53.24,1101309,53.64,54.04,52.36
08/14/2020,53.28,1586331,51.80,54.0568,51.52
08/13/2020,50.00,1079238,49.12,50.0404,48.8024
08/12/2020,48.92,1354036,47.92,49.32,47.52
08/11/2020,48.88,1067205,49.92,50.16,48.82
08/10/2020,49.24,1234577,50.16,50.28,48.28
08/07/2020,51.24,1759073,50.68,51.3584,49.56
08/06/2020,48.92,1884168,51.88,52.04,48.68
08/05/2020,50.36,1861800,50.36,51.36,49.28
08/04/2020,49.76,2313107,47.96,50.12,47.44
08/03/2020,48.00,4213558,45.36,49.12,45.10
07/31/2020,41.04,825774,41.72,41.946,40.6104
07/30/2020,41.68,923960,43.12,43.316,41.44
07/29/2020,43.44,1481279,42.72,44.16,42.48
07/28/2020,42.40,1096783,42.44,42.56,41.28
07/27/2020,40.64,1345362,41.96,42.22,40.30
07/24/2020,42.44,1040213,41.36,42.64,41.30
07/23/2020,41.76,1864146,39.72,42.20,39.12
07/22/2020,39.36,838068,38.32,39.60,38.12
07/21/2020,38.84,837571,39.08,39.1812,38.58
07/20/2020,38.44,2177228,38.92,38.92,37.56
07/17/2020,40.04,1148954,40.60,40.88,39.92
07/16/2020,40.40,1542885,41.48,42.28,39.964
07/15/2020,41.76,948343,41.24,41.84,40.48
07/14/2020,40.96,965219,40.40,41.4548,40.24
07/13/2020,40.48,1383762,42.24,42.52,40.44
07/10/2020,42.40,1379941,42.40,42.96,42.08
07/09/2020,41.56,1804832,43.84,44.032,41.52
07/08/2020,42.92,1151410,43.44,43.52,42.54
07/07/2020,43.80,1836701,44.40,45.08,43.7204
07/06/2020,42.84,1961295,42.32,43.00,41.52
07/02/2020,40.32,1529840,39.52,40.72,39.50
07/01/2020,39.56,1607509,39.76,39.9996,38.96
06/30/2020,41.04,1216838,41.28,41.52,40.12
06/29/2020,39.76,3292093,39.16,41.06,39.00
06/26/2020,36.20,1411380,35.88,36.72,35.84
06/25/2020,35.96,3964843,37.80,37.96,35.56
06/24/2020,38.88,1251279,39.40,40.128,38.74
06/23/2020,39.60,1225938,40.12,40.24,39.40
06/22/2020,40.56,1218015,41.12,41.88,40.31
06/19/2020,41.00,882208,40.76,41.40,40.68
06/18/2020,40.52,937809,40.12,40.96,39.88
06/17/2020,40.48,955191,40.16,40.6796,39.84
06/16/2020,40.00,1651913,40.08,40.404,39.56
06/15/2020,41.48,1796916,42.40,42.40,41.08
06/12/2020,43.00,1375455,44.32,44.56,42.64
06/11/2020,44.76,1384568,44.76,45.2244,43.90
06/10/2020,44.20,1863492,43.96,44.60,43.74
06/09/2020,43.60,1247424,43.84,44.16,43.36
06/08/2020,44.60,1209832,43.96,44.60,43.74
06/05/2020,44.48,1545193,45.60,45.68,43.92
06/04/2020,45.04,1045118,44.96,45.68,44.3204
06/03/2020,44.64,1480414,45.64,45.84,44.12
06/02/2020,43.80,834189,44.16,44.44,43.60
06/01/2020,43.96,1507833,43.72,45.00,43.58
05/29/2020,45.28,1750608,44.68,45.88,43.52
05/28/2020,45.08,1196089,46.08,46.32,44.9228
05/27/2020,46.40,1065752,47.12,47.74,46.12
05/26/2020,47.76,818204,47.68,48.0992,46.80
05/22/2020,46.56,766489,45.52,46.96,45.52
05/21/2020,46.16,905250,46.08,46.32,45.2488
05/20/2020,47.16,1485289,49.44,49.66,46.56
05/19/2020,49.00,1430641,49.76,49.84,48.66
05/18/2020,48.40,1537836,47.76,49.9204,47.60
05/15/2020,45.16,1281118,47.08,47.24,44.82
05/14/2020,45.76,1353777,45.16,47.16,45.0324
05/13/2020,45.32,2150381,46.96,47.2748,44.16
05/12/2020,47.20,2251169,49.44,49.84,47.20
05/11/2020,51.16,1300506,51.88,52.28,49.92
05/08/2020,50.56,1516704,51.04,51.88,50.16
05/07/2020,52.64,1610231,54.24,54.84,52.20
05/06/2020,53.96,1584302,55.72,55.72,53.40
05/05/2020,57.96,1734208,58.32,59.784,57.68
05/04/2020,55.12,1196866,54.84,55.40,53.72
05/01/2020,52.04,995817,53.72,54.306,51.8004
04/30/2020,53.64,1013678,52.16,54.024,51.52
04/29/2020,52.00,1248185,52.88,53.28,51.48
04/28/2020,53.84,988838,54.96,55.0664,53.40
04/27/2020,53.04,1977575,49.12,53.28,48.86
04/24/2020,51.92,1427373,54.32,54.3952,51.80
04/23/2020,53.88,931606,55.36,56.60,53.4564
04/22/2020,56.64,1421320,54.84,57.44,54.58
04/21/2020,54.64,1647675,56.80,57.76,53.56
04/20/2020,57.04,1903086,53.60,57.68,53.20
04/17/2020,52.80,989807,53.48,54.20,52.06
04/16/2020,51.08,1479242,47.80,51.84,47.08
04/15/2020,48.16,829493,49.64,49.7464,48.04
04/14/2020,49.80,1061864,51.08,51.52,49.68
04/13/2020,52.44,902194,54.00,54.44,51.50
04/09/2020,52.52,847049,53.84,54.46,52.22
04/08/2020,54.20,887152,56.68,57.16,53.72
04/07/2020,57.24,947242,54.92,57.28,54.56
04/06/2020,52.96,923453,50.92,53.038,50.80
04/03/2020,49.88,963891,46.92,50.16,46.88
04/02/2020,47.00,968190,47.12,47.76,46.1336
04/01/2020,48.04,917192,49.04,49.18,47.88
03/31/2020,50.20,701834,51.76,51.76,49.60
03/30/2020,51.28,487309,49.88,51.64,49.84
03/27/2020,50.68,469148,50.68,51.32,50.24
03/26/2020,51.20,602355,51.64,52.60,50.72
03/25/2020,52.16,434453,52.44,52.9192,51.48
03/24/2020,52.84,549731,52.52,53.08,51.72
03/23/2020,50.60,603784,50.36,51.60,49.88
03/20/2020,50.12,707881,52.80,52.94,49.94
03/19/2020,52.28,565335,50.68,52.48,50.40
03/18/2020,50.96,1278400,51.12,51.64,48.32
03/17/2020,53.48,505021,56.24,56.24,53.16
03/16/2020,55.68,488993,56.12,57.12,55.60
03/13/2020,59.00,1103198,59.68,60.08,57.40
03/12/2020,56.80,1827873,55.72,58.24,55.32
03/11/2020,58.16,1875618,61.08,61.92,57.68
03/10/2020,59.88,2782593,57.24,60.56,57.12
03/09/2020,56.40,1856287,53.68,56.44,51.98
03/06/2020,53.28,885859,54.24,54.42,52.86
03/05/2020,54.60,778992,56.32,56.4404,54.56
03/04/2020,56.76,557241,56.80,57.12,55.7936
03/03/2020,55.72,1086744,55.76,56.96,55.20
03/02/2020,54.32,1047831,54.04,54.64,53.48
02/28/2020,52.40,932785,52.88,53.48,51.92
02/27/2020,53.88,1685883,54.16,54.52,53.26
02/26/2020,56.36,838228,58.12,58.40,56.36
02/25/2020,57.12,1108402,57.92,58.08,56.96
02/24/2020,57.44,919530,57.88,58.04,57.00
02/21/2020,59.20,928585,58.84,59.74,58.80
02/20/2020,59.64,1539717,60.24,62.6644,59.44
02/19/2020,61.12,607289,60.76,61.48,60.40
02/18/2020,60.40,1443865,60.52,61.08,59.92
02/14/2020,57.36,499733,57.56,57.78,57.16
02/13/2020,57.28,595512,58.04,58.28,57.08
02/12/2020,57.68,783663,57.36,58.00,56.96
02/11/2020,56.12,849694,55.64,56.28,55.1728
02/10/2020,55.36,1511898,55.80,56.1804,55.00
